customer_id,signup_date,age,gender,annual_income,education,marital_status,dependents,tenure,contract,payment_method,paperless_billing,senior_citizen,monthlycharges,totalcharges,num_services,has_phone_service,has_internet_service,has_online_security,has_online_backup,has_device_protection,has_tech_support,has_streaming_tv,has_streaming_movies,customer_satisfaction,num_complaints,num_service_calls,late_payments,avg_monthly_gb,days_since_last_interaction,credit_score,churn
CUST0000000003,04-09-2023 12:53,38,Female,73184.32,high_school,widowed,0,3,two_year,credit_card,No,0,112.2,328.81,4,1,1,0,0,1,1,1,0,6,1,1,0,47.77,11,632,0
CUST0000000005,08-12-2022 12:53,45,Female,36400.94,bachelor,single,0,9,two_year,credit_card,Yes,0,110.05,648.79,3,0,1,0,0,0,0,0,1,8,1,1,0,16.74,18,657,0
CUST0000000006,12-01-2023 12:53,55,Female,30771.38,master,married,1,47,two_year,credit_card,Yes,0,71.8,3041.87,2,1,1,0,0,0,0,1,1,8,0,0,0,24.56,22,702,0
CUST0000000007,23-04-2021 12:53,47,Male,65503.82,college,married,0,26,two_year,electronic_check,Yes,0,126.85,3602.75,4,1,1,1,1,0,0,1,1,4,2,3,0,46.36,11,716,0
CUST0000000009,18-07-2021 12:53,31,Male,37306.25,bachelor,married,0,1,two_year,mailed_check,Yes,1,77.56,59.52,4,1,1,1,1,1,1,0,1,4,,0,0,94.64,28,637,0
CUST0000000010,12-09-2025 12:53,38,Female,40665.2,college,single,0,31,two_year,electronic_check,Yes,0,72.3,2060.67,1,1,1,0,0,0,1,0,0,5,0,1,0,11.33,91,850,0
CUST0000000011,02-10-2024 12:53,54,Female,31615.1,high_school,divorced,0,12,two_year,mailed_check,Yes,1,45.74,504.35,2,0,0,0,0,0,0,1,1,5,1,1,1,0,123,535,0
CUST0000000012,22-08-2022 12:53,57,Female,64892.48,high_school,single,1,38,one_year,electronic_check,Yes,0,80.55,3187.81,3,1,1,1,1,1,1,0,0,2,1,1,1,,1,,0
CUST0000000013,15-02-2025 12:53,34,Female,37552.18,college,married,1,7,two_year,bank_transfer,Yes,0,106.75,677.3,1,0,1,0,0,1,1,1,1,5,0,2,1,22.46,26,681,0
CUST0000000014,21-12-2021 12:53,60,Male,40267.77,college,single,0,1,two_year,bank_transfer,No,1,86.04,93.15,1,1,1,1,0,0,1,0,1,3,0,2,1,39.81,33,655,0
CUST0000000015,16-10-2025 12:53,53,Male,20000,college,married,0,48,two_year,mailed_check,Yes,0,68.84,2985.82,1,1,1,0,0,1,0,0,1,4,0,1,1,,83,698,0
CUST0000000017,15-12-2022 12:53,48,Female,68985.44,college,married,0,12,one_year,mailed_check,Yes,0,114.93,1493.27,6,0,0,0,0,0,0,1,0,8,0,0,0,0,91,731,0
CUST0000000018,24-08-2023 12:53,50,Female,44614.68,bachelor,married,0,9,one_year,electronic_check,Yes,0,93.42,767.29,5,1,0,0,0,0,0,1,0,7,1,4,1,0,1,682,0
CUST0000000019,30-05-2021 12:53,29,Male,67784.57,bachelor,married,2,1,two_year,bank_transfer,Yes,0,62.54,59.77,1,1,1,0,0,1,0,1,1,4,0,0,0,47.42,139,654,0
CUST0000000020,03-09-2025 12:53,24,Male,,master,married,0,44,one_year,electronic_check,No,1,103.93,4323.6,4,1,1,0,0,0,0,0,1,7,0,1,1,125.49,19,702,0
CUST0000000021,01-06-2021 12:53,52,Female,87602.82,master,single,0,45,one_year,credit_card,Yes,0,72.41,3316.37,1,0,1,0,1,0,0,0,1,6,0,0,2,55.52,1,772,0
CUST0000000022,20-05-2022 12:53,38,Female,21371.92,bachelor,divorced,0,72,one_year,bank_transfer,Yes,0,130.07,10279.4,3,0,1,1,1,1,0,1,1,2,1,1,1,122.62,14,749,0
CUST0000000023,04-12-2023 12:53,67,Female,40625.98,high_school,married,1,11,two_year,mailed_check,Yes,0,79.66,602.01,2,1,1,1,1,0,0,0,1,9,0,1,0,61.45,26,,0
CUST0000000024,02-02-2025 12:53,70,Female,75938.67,master,widowed,1,72,one_year,bank_transfer,Yes,0,59.48,4679.77,3,0,0,0,0,0,0,1,1,4,0,0,0,0,50,816,0
CUST0000000025,18-11-2021 12:53,52,Male,36441.12,high_school,married,0,14,one_year,credit_card,Yes,0,108.01,1434.73,2,0,1,0,0,0,0,1,1,3,0,1,0,63.01,14,656,0
CUST0000000026,04-02-2022 12:53,59,Female,65416.08,high_school,married,1,26,two_year,electronic_check,No,1,94.66,2645.92,1,0,1,0,0,0,1,0,0,3,2,1,0,3.22,1,699,0
CUST0000000027,29-10-2023 12:53,29,Female,25813.8,bachelor,single,0,2,two_year,electronic_check,No,0,82.12,153.29,4,1,0,0,0,0,1,0,1,7,0,1,0,0,4,636,0
CUST0000000028,22-12-2024 12:53,25,Male,34968.77,bachelor,married,0,54,one_year,bank_transfer,Yes,0,99.73,5465.79,2,1,1,0,0,0,1,0,0,2,2,1,0,33.22,12,627,0
CUST0000000029,14-09-2022 12:53,42,Male,22135.77,high_school,married,0,8,one_year,mailed_check,Yes,0,73.19,449.74,2,0,1,0,1,1,1,0,0,6,0,1,0,34.1,78,652,0
CUST0000000030,01-06-2023 12:53,25,Male,45527.46,college,married,2,7,two_year,credit_card,No,0,127.42,973.24,4,1,1,1,0,1,0,0,0,7,1,4,0,15.15,14,850,0
CUST0000000031,10-04-2025 12:53,49,Female,85518.71,master,married,1,1,one_year,electronic_check,Yes,0,94.73,92.2,1,1,1,0,1,0,0,1,0,9,0,0,0,41.73,1,553,0
CUST0000000033,09-10-2024 12:53,47,Female,33188.09,high_school,single,0,15,two_year,electronic_check,Yes,0,72.39,1032.19,1,1,1,0,0,0,0,0,1,3,1,1,1,134.77,18,748,0
CUST0000000034,15-05-2022 12:53,42,Female,155337.18,high_school,married,0,24,two_year,bank_transfer,Yes,0,105.79,2735.36,3,1,1,1,0,1,0,1,1,9,0,2,0,,264,631,0
CUST0000000035,21-12-2025 12:53,54,Male,86689.75,bachelor,divorced,0,72,one_year,credit_card,No,0,83.3,3115.188124,2,1,1,1,0,0,0,1,0,8,0,1,0,54.41,3,720,0
CUST0000000036,04-05-2025 12:53,49,Female,68181.73,high_school,single,2,57,two_year,credit_card,Yes,0,43.41,2551.92,1,0,0,0,0,0,1,1,1,9,0,0,0,0,1,719,0
CUST0000000037,26-12-2023 12:53,38,Female,62693.38,college,married,0,57,two_year,mailed_check,No,0,72.78,4539.53,2,1,1,0,1,1,1,1,0,8,2,2,0,8.95,41,723,0
CUST0000000038,08-09-2023 12:53,24,Female,129390.12,master,married,1,17,one_year,bank_transfer,Yes,0,120.27,1361.84,6,1,1,1,1,1,0,1,1,6,0,0,0,24.74,2,720,0
CUST0000000039,10-09-2021 12:53,47,Female,179194,master,single,0,2,one_year,electronic_check,Yes,0,89.77,165.14,3,1,1,0,1,1,1,1,0,5,0,2,0,49.65,52,705,0
CUST0000000040,24-09-2024 12:53,18,Male,57303.69,college,married,1,4,two_year,credit_card,Yes,1,74.37,278.52,1,0,1,0,0,0,0,0,1,5,0,3,0,,35,695,1
CUST0000000041,25-01-2023 12:53,63,Female,96002.51,bachelor,divorced,0,72,two_year,credit_card,Yes,0,126.43,8241.53,4,1,1,0,1,0,0,0,0,5,3,3,0,32.37,7,747,0
CUST0000000042,19-08-2024 12:53,52,Female,145900.93,master,married,0,12,two_year,electronic_check,No,0,72.78,840.82,1,1,1,1,0,0,0,0,1,5,0,2,0,22.32,5,612,0
CUST0000000043,12-05-2021 12:53,57,Male,49599.83,bachelor,widowed,1,48,one_year,bank_transfer,Yes,0,60.66,2868.56,3,0,0,0,0,0,0,1,1,5,0,2,0,0,3,555,0
CUST0000000044,04-12-2021 12:53,30,Female,48265.75,college,married,0,26,one_year,electronic_check,No,0,86.07,2024.14,2,1,1,1,1,1,1,1,0,7,2,6,1,63.98,58,535,0
CUST0000000045,12-02-2024 12:53,50,Female,31257.14,college,single,1,23,one_year,credit_card,Yes,0,69.51,1634.874669,2,1,1,1,1,0,0,0,1,8,2,2,0,109.51,59,723,1
CUST0000000046,12-05-2023 12:53,35,Male,20000,bachelor,married,1,7,one_year,mailed_check,Yes,0,93.04,667.36,2,1,1,0,0,0,0,0,0,5,1,3,0,21.9,123,614,0
CUST0000000047,31-01-2021 12:53,47,Female,30347.14,college,single,1,54,one_year,credit_card,Yes,1,115.93,5894.7,3,1,1,0,0,1,1,1,0,8,0,0,0,36.13,5,804,0
CUST0000000048,06-07-2025 12:53,30,Female,68453,college,single,1,5,two_year,credit_card,No,0,49.85,232.55,1,1,0,0,0,0,0,1,0,7,0,2,1,0,8,631,0
CUST0000000049,30-05-2023 12:53,43,Male,56563.38,master,married,1,12,one_year,credit_card,No,1,50.08,393.64,3,1,0,0,0,0,1,0,1,6,0,1,0,0,8,628,1
CUST0000000050,25-02-2024 12:53,24,Male,61571.35,master,married,1,72,two_year,electronic_check,Yes,0,59.05,4544.76,3,1,1,1,0,0,1,1,0,9,0,0,0,,21,732,0
CUST0000000051,30-05-2023 12:53,42,Female,84774.62,college,divorced,0,31,two_year,mailed_check,Yes,1,70.6,2337.15,2,1,1,1,1,0,0,1,1,9,0,1,0,63.38,75,682,0
CUST0000000052,28-06-2024 12:53,20,Male,63484.63,high_school,single,1,14,two_year,credit_card,Yes,0,107.73,1617.3,5,1,1,0,1,0,1,0,1,6,2,3,0,52.35,43,606,0
CUST0000000053,04-09-2021 12:53,71,Male,76814.13,phd,divorced,1,19,one_year,bank_transfer,Yes,0,69.78,933.1,1,1,1,0,1,0,0,1,1,7,0,0,1,65.99,28,689,1
CUST0000000054,24-07-2022 12:53,47,Male,82481.31,bachelor,married,0,12,one_year,credit_card,No,0,88.65,1048.52,2,1,1,0,0,0,1,1,0,9,0,0,0,113.41,33,,0
CUST0000000055,03-10-2023 12:53,45,Female,20000,high_school,single,0,31,two_year,credit_card,No,1,84.92,2796.65,5,1,0,0,0,0,0,1,1,4,2,4,0,0,61,767,0
CUST0000000056,05-11-2021 12:53,55,Male,37644.27,college,married,0,12,two_year,mailed_check,No,0,97.35,1224.84,4,1,1,0,0,1,1,1,0,8,3,3,0,137.62,61,803,0
CUST0000000057,14-11-2022 12:53,25,Female,31163.78,bachelor,single,1,26,one_year,electronic_check,Yes,0,30.04,785.52,2,1,0,0,0,0,0,1,0,4,0,2,0,0,17,609,1
CUST0000000058,25-11-2021 12:53,33,Female,35493.23,high_school,married,0,29,two_year,credit_card,Yes,0,108.25,3160.47,4,1,1,1,1,0,1,0,1,8,0,1,0,,7,769,0
CUST0000000059,05-04-2024 12:53,52,Female,102168.87,high_school,married,1,22,one_year,mailed_check,No,1,100.78,2043.05,3,1,1,0,1,0,0,1,0,9,0,0,0,35.97,149,770,0
CUST0000000060,22-12-2025 12:53,47,Female,30591.07,bachelor,married,2,18,one_year,credit_card,Yes,1,89.59,1500.33,2,1,1,1,0,0,0,0,1,8,1,1,0,58.45,46,719,0
CUST0000000061,24-09-2023 12:53,34,Female,73107.59,phd,single,1,5,one_year,mailed_check,Yes,0,97.89,467.32,2,1,1,0,1,0,1,1,1,8,1,2,0,15.4,19,822,0
CUST0000000062,29-07-2025 12:53,54,Female,35451.73,college,single,0,5,two_year,mailed_check,Yes,1,96.57,444.82,6,1,1,1,0,1,1,1,1,6,1,5,0,26.62,13,621,0
CUST0000000063,24-06-2022 12:53,49,Female,45743.42,master,married,2,38,two_year,electronic_check,Yes,1,81.11,2876.63,3,1,1,1,1,1,0,1,0,5,1,5,2,117.64,129,807,0
CUST0000000065,21-05-2024 12:53,50,Female,137042.93,bachelor,married,1,25,two_year,bank_transfer,No,0,69.75,1711.07,1,1,1,0,0,1,0,0,1,5,0,2,0,12.19,57,640,0
CUST0000000066,02-03-2025 12:53,34,Male,44602.25,master,married,0,8,two_year,electronic_check,Yes,0,58.32,490.19,1,1,1,0,0,0,1,1,1,4,0,3,1,18.37,202,756,0
CUST0000000067,29-12-2025 12:53,43,Female,51526.51,bachelor,single,0,3,two_year,electronic_check,Yes,0,70.76,213.9,4,1,1,1,1,1,0,1,0,4,0,1,0,16.65,3,771,0
CUST0000000068,15-05-2025 12:53,18,Female,88072.01,master,married,1,12,one_year,bank_transfer,No,0,61.53,775.49,1,0,0,0,0,0,0,1,1,3,0,0,1,0,102,662,0
CUST0000000069,27-11-2023 12:53,37,Male,47909.82,bachelor,married,1,8,one_year,mailed_check,Yes,0,66.73,499.42,3,1,0,0,0,0,0,1,1,9,1,3,1,0,43,697,1
CUST0000000070,13-04-2022 12:53,41,Male,34378.28,high_school,married,1,6,two_year,electronic_check,Yes,0,105.06,430.03,5,1,1,1,1,1,0,0,1,1,0,2,1,53.46,23,615,0
CUST0000000071,26-06-2024 12:53,54,Female,40544.9,high_school,married,0,21,two_year,electronic_check,Yes,0,57.31,806.16,1,1,0,0,0,0,0,1,0,2,0,1,0,0,185,625,0
CUST0000000072,29-07-2023 12:53,52,Female,56942.87,master,married,0,6,one_year,electronic_check,Yes,0,97.38,616.55,3,1,1,0,0,1,1,1,0,6,3,6,0,48.39,18,,1
CUST0000000073,19-04-2022 12:53,33,Female,38321.79,college,married,2,33,one_year,electronic_check,Yes,0,67.87,2120.85,2,1,1,0,1,0,0,1,1,4,0,2,1,31.02,1,544,0
CUST0000000074,12-10-2025 12:53,33,Male,24052.17,high_school,single,2,30,two_year,bank_transfer,Yes,0,90.9,2583.96,2,1,1,0,1,1,0,0,1,5,0,3,0,23.86,79,647,0
CUST0000000075,23-03-2022 12:53,64,Male,,college,divorced,0,28,one_year,mailed_check,No,0,80.42,2466.54,4,1,1,1,1,1,1,0,0,2,,2,0,44.33,15,668,0
CUST0000000076,01-06-2023 12:53,40,Female,58462.44,high_school,single,1,2,two_year,bank_transfer,Yes,0,85.59,180.23,3,1,1,1,0,0,0,1,0,1,0,1,2,18.6,28,684,0
CUST0000000077,25-12-2021 12:53,46,Female,31702.99,master,married,1,69,two_year,bank_transfer,Yes,1,88.83,6543.12,1,1,1,0,0,1,1,1,0,8,1,0,0,33.3,60,759,0
CUST0000000078,21-01-2022 12:53,56,Female,71206.74,phd,married,1,16,two_year,credit_card,Yes,1,88.86,1399.64,1,1,1,0,1,1,1,1,1,9,,3,0,57.38,5,,0
CUST0000000079,21-08-2024 12:53,43,Male,81901.91,bachelor,married,0,55,two_year,credit_card,Yes,1,52.23,3076.24,1,1,0,0,0,0,0,1,1,5,2,2,0,0,74,684,0
CUST0000000080,28-11-2023 12:53,42,Female,22912.4,bachelor,married,2,5,one_year,electronic_check,Yes,0,52.57,239.63,2,0,1,0,0,1,0,1,0,5,0,0,0,51.95,76,805,0
CUST0000000081,08-12-2025 12:53,40,Male,78345.65,master,married,0,21,one_year,credit_card,No,0,73.76,1400.45,2,1,1,1,1,0,0,0,0,6,0,1,2,162.06,29,626,0
CUST0000000082,20-06-2025 12:53,37,Female,77660.36,phd,single,0,72,two_year,credit_card,Yes,1,105.74,5528.49,4,1,1,0,0,0,1,0,1,2,0,0,0,128.16,47,508,0
CUST0000000083,03-01-2023 12:53,47,Female,20000,master,married,0,72,one_year,credit_card,No,0,110.1,7942.56,3,1,1,1,0,1,1,1,1,7,2,3,0,26.91,31,429,0
CUST0000000084,09-09-2021 12:53,18,Male,35079.19,high_school,married,0,1,two_year,credit_card,No,0,63.39,60.55,4,1,0,0,0,0,0,1,1,8,0,1,2,0,19,647,0
CUST0000000085,02-03-2022 12:53,39,Male,27850.68,high_school,divorced,0,15,two_year,electronic_check,Yes,0,104.84,1663.64,4,1,1,0,1,0,0,1,0,9,0,1,0,32.22,71,688,0
CUST0000000086,23-03-2023 12:53,53,Male,83697.95,college,married,1,8,one_year,electronic_check,Yes,0,116.97,1008.57,2,1,1,1,1,0,1,1,1,9,0,0,0,30.56,8,505,0
CUST0000000087,27-03-2023 12:53,51,Female,160553.31,bachelor,married,0,1,one_year,credit_card,Yes,0,143.36,149.52,6,1,1,0,1,0,0,1,1,8,1,1,0,183.45,63,627,1
CUST0000000088,28-02-2022 12:53,66,Female,74428.01,master,divorced,2,20,two_year,bank_transfer,Yes,1,34.95,751.4,1,0,0,0,0,0,0,1,0,7,0,2,0,0,21,697,0
CUST0000000089,25-06-2024 12:53,57,Female,133142.71,bachelor,single,1,1,two_year,credit_card,Yes,0,142.45,132.52,6,1,1,0,0,1,1,1,0,8,4,9,0,17.02,106,610,0
CUST0000000090,09-12-2022 12:53,51,Female,,bachelor,married,0,22,one_year,credit_card,No,0,99.94,1386.57,2,1,1,1,1,1,1,1,0,2,1,4,0,86.73,29,691,0
CUST0000000091,11-02-2021 12:53,45,Male,,master,married,1,48,one_year,credit_card,Yes,0,128.81,6431.69,6,0,1,0,1,0,1,0,0,7,0,0,0,40.42,92,550,0
CUST0000000092,03-12-2021 12:53,38,Female,25492.88,college,married,1,51,two_year,mailed_check,Yes,0,105.6,5469.14,2,1,1,1,0,1,0,0,1,7,0,3,1,13.02,30,607,0
CUST0000000093,09-02-2024 12:53,52,Female,80239.95,phd,divorced,0,72,one_year,electronic_check,Yes,1,74.08,5510.9,1,0,1,0,0,0,0,1,0,9,0,0,0,7.03,43,666,0
CUST0000000094,06-12-2024 12:53,49,Male,80602.35,bachelor,single,0,32,two_year,bank_transfer,Yes,0,94.21,2724.01,5,1,0,0,0,0,0,1,1,9,0,1,0,0,13,709,0
CUST0000000095,13-01-2024 12:53,39,Female,119969.06,college,divorced,3,4,one_year,credit_card,Yes,0,93.4,359.23,2,0,1,0,0,0,1,0,0,9,0,1,0,10.21,76,850,0
CUST0000000096,15-09-2021 12:53,31,Male,46651.77,master,married,2,13,two_year,bank_transfer,Yes,0,85.39,1077.2,2,1,1,0,1,0,1,1,0,9,1,6,0,54.13,110,635,0
CUST0000000097,03-08-2025 12:53,44,Male,45357.08,college,divorced,0,52,one_year,credit_card,Yes,0,86.76,4749.52,3,1,1,0,1,0,0,1,0,6,1,2,2,,16,589,0
CUST0000000098,24-06-2025 12:53,62,Female,44779.04,bachelor,single,1,7,one_year,mailed_check,Yes,0,113.23,755.76,6,1,1,0,1,0,1,0,1,7,0,1,1,74.27,25,712,0
CUST0000000099,22-04-2023 12:53,46,Male,29867.57,college,divorced,1,14,one_year,credit_card,Yes,0,105.65,1411.5,4,1,1,1,0,1,1,1,1,1,2,3,0,,93,728,0
CUST0000000100,17-04-2025 12:53,45,Male,34698.81,bachelor,single,1,23,one_year,bank_transfer,Yes,1,106.43,2228.8,3,1,1,0,1,0,0,1,1,8,0,0,0,78.08,30,554,0
CUST0000000101,19-10-2023 12:53,51,Male,20573.51,college,married,1,2,one_year,credit_card,Yes,1,93.27,202.91,2,1,1,0,1,0,1,1,0,2,0,2,0,19.43,87,626,0
CUST0000000102,27-06-2022 12:53,52,Female,60406.45,bachelor,married,0,16,two_year,bank_transfer,Yes,0,132.8,2136.2,4,1,1,0,1,0,0,1,0,9,2,3,0,53.15,19,646,0
CUST0000000103,13-10-2024 12:53,48,Female,40752.79,high_school,single,1,1,one_year,electronic_check,Yes,0,87.67,82.32,4,1,1,0,0,1,1,1,0,1,1,3,0,18.47,3,777,0
CUST0000000104,18-12-2021 12:53,44,Female,20000,bachelor,married,1,8,two_year,bank_transfer,Yes,0,109.04,867.59,3,1,1,0,0,0,0,0,1,2,0,0,0,30.79,51,662,1
CUST0000000105,28-03-2021 12:53,37,Female,96827.89,high_school,married,1,33,one_year,electronic_check,Yes,0,76.74,2725.52,1,1,1,0,0,1,1,1,1,8,1,2,0,10.35,2,651,0
CUST0000000106,16-07-2022 12:53,60,Male,27239.14,college,single,1,30,two_year,credit_card,No,0,122.56,2711.18,5,1,1,0,0,1,0,0,0,7,3,5,0,16.36,19,719,0
CUST0000000107,01-04-2023 12:53,38,Female,104207.43,high_school,single,0,68,one_year,mailed_check,No,0,110.55,3509.533095,3,0,1,0,0,0,1,1,1,6,0,1,1,13.79,167,808,1
CUST0000000108,22-04-2021 12:53,68,Male,119606.25,college,single,0,36,two_year,electronic_check,Yes,0,114.55,4284.72,3,1,1,1,1,0,1,0,1,4,1,2,0,50.72,36,601,0
CUST0000000109,22-03-2025 12:53,47,Male,20000,phd,single,2,5,two_year,bank_transfer,Yes,0,80.98,398.2,4,1,1,1,1,0,1,1,1,7,0,2,3,69.31,22,636,0
CUST0000000110,30-03-2021 12:53,45,Male,20000,high_school,married,0,56,one_year,mailed_check,Yes,1,54.31,2762.61,2,1,1,1,0,0,1,0,1,8,0,2,1,58.61,1,682,0
CUST0000000111,23-01-2024 12:53,56,Female,26812.03,college,married,0,19,one_year,mailed_check,Yes,1,64.42,1707.669015,2,1,1,1,0,1,1,1,1,5,1,2,0,41.03,68,850,0
CUST0000000112,06-03-2021 12:53,35,Male,58821.91,college,divorced,3,44,one_year,bank_transfer,Yes,1,117.18,5419,3,1,1,0,0,0,1,0,0,5,0,1,1,60.01,205,754,0
CUST0000000113,08-02-2025 12:53,53,Male,24733.51,bachelor,single,1,61,one_year,electronic_check,Yes,0,88.33,3708.06,2,1,1,0,0,1,0,1,0,4,1,1,0,38.09,14,850,0
CUST0000000114,17-08-2023 12:53,46,Female,40786.31,bachelor,married,2,42,one_year,credit_card,Yes,0,89.91,3877.54,5,0,1,0,1,1,1,0,1,6,0,0,2,79.83,43,646,0
CUST0000000115,31-01-2023 12:53,51,Female,26068.8,college,married,0,12,one_year,credit_card,Yes,0,34.87,394.82,1,1,1,0,1,1,0,0,1,3,2,3,0,13.41,29,744,0
CUST0000000116,12-11-2023 12:53,34,Male,25179.43,bachelor,married,0,21,two_year,mailed_check,Yes,0,86.62,1832.65,2,0,0,0,0,0,0,1,1,1,2,3,1,,63,524,0
CUST0000000117,09-06-2025 12:53,34,Male,29207.98,bachelor,single,1,13,two_year,bank_transfer,Yes,0,72.82,1029.65,2,1,1,1,1,0,1,1,0,5,3,5,0,22.31,46,560,0
CUST0000000118,10-12-2023 12:53,18,Male,43989.63,high_school,single,1,28,one_year,electronic_check,No,0,84.64,2289.35,2,0,1,0,1,1,0,1,0,3,0,1,0,25.31,31,800,1
CUST0000000119,08-07-2025 12:53,38,Male,139353.65,high_school,married,2,15,one_year,bank_transfer,Yes,0,96.37,1333.21,1,1,1,0,1,0,0,1,1,8,1,5,1,19.68,72,714,1
CUST0000000120,28-12-2024 12:53,37,Female,50636.57,master,divorced,1,3,one_year,bank_transfer,No,0,113.9,262.83,3,1,1,1,1,1,1,0,0,6,0,0,0,28.98,3,645,0
CUST0000000121,06-09-2024 12:53,34,Male,36224.01,college,widowed,0,24,one_year,electronic_check,Yes,0,111.09,2480.06,3,1,1,1,0,1,0,0,1,2,1,1,0,5.84,16,672,0
CUST0000000122,12-02-2023 12:53,43,Male,27144.71,high_school,divorced,1,5,one_year,electronic_check,No,1,142.44,530.19,6,1,1,0,0,1,1,1,1,9,2,2,0,39.89,16,778,0
CUST0000000123,19-10-2022 12:53,45,Male,40252.74,high_school,divorced,1,32,two_year,electronic_check,Yes,0,114.41,2307.73,5,1,1,0,1,1,1,1,1,7,0,2,3,116.1,4,659,0
CUST0000000124,28-12-2025 12:53,52,Male,78653.51,college,married,0,2,two_year,electronic_check,Yes,0,114.27,226.96,3,1,1,1,1,0,1,0,1,4,0,1,0,23.04,61,,0
CUST0000000125,08-11-2025 12:53,53,Female,67182.41,high_school,divorced,1,1,two_year,mailed_check,Yes,0,91.59,68.85,1,1,1,1,0,0,0,0,0,4,0,0,0,7.49,16,607,0
CUST0000000126,09-08-2024 12:53,54,Male,29891.6,college,single,0,9,two_year,credit_card,Yes,0,107.45,922.78,6,1,1,1,0,0,0,1,1,4,0,1,0,,42,745,0
CUST0000000127,15-04-2022 12:53,55,Male,30938.76,bachelor,widowed,2,72,one_year,credit_card,Yes,0,115.83,7654.41,3,1,1,0,0,0,0,0,0,8,0,2,0,103.04,78,567,0
CUST0000000129,04-04-2024 12:53,45,Female,73282.89,college,single,1,12,one_year,bank_transfer,No,0,76.32,608.16,2,1,1,0,0,0,1,1,0,5,1,4,0,45.61,101,547,0
CUST0000000130,08-12-2021 12:53,58,Male,79755.56,college,married,1,3,two_year,credit_card,No,0,99.72,228.28,3,1,1,0,0,0,0,0,1,6,0,1,1,25.76,41,620,0
CUST0000000131,21-01-2023 12:53,55,Female,35574.71,master,single,1,1,one_year,mailed_check,No,0,55.42,55.61,1,1,0,0,0,0,0,0,0,6,2,2,0,0,38,733,0
CUST0000000132,06-11-2022 12:53,22,Male,24063.84,college,married,0,31,one_year,credit_card,No,0,88.25,1778.26,3,0,1,1,0,0,1,1,1,8,0,0,0,89.32,55,741,0
CUST0000000133,11-11-2021 12:53,42,Female,82266.26,college,widowed,1,56,one_year,bank_transfer,No,0,95.35,5543.84,3,1,1,0,0,1,1,1,0,8,0,1,0,15.44,23,633,0
CUST0000000134,29-05-2024 12:53,18,Female,102344.14,high_school,single,0,1,one_year,bank_transfer,Yes,1,89.4,97.47,1,1,1,0,0,0,1,1,0,4,1,1,1,33.43,16,754,0
CUST0000000135,16-12-2024 12:53,18,Male,30187.04,master,divorced,2,21,two_year,bank_transfer,Yes,0,88.63,1832.65,1,1,1,1,1,1,0,1,0,7,2,2,0,61.82,10,704,0
CUST0000000136,19-05-2021 12:53,37,Male,20000,high_school,widowed,0,31,one_year,electronic_check,Yes,0,104.2,3413.27,3,0,1,0,1,1,1,0,1,5,0,0,1,8.42,7,523,0
CUST0000000137,19-11-2024 12:53,43,Female,27242.61,bachelor,single,1,8,two_year,electronic_check,Yes,1,93.9,795.9,2,1,1,0,1,0,1,1,0,8,0,1,0,52.39,8,657,0
CUST0000000138,29-03-2025 12:53,38,Male,35860.71,high_school,married,2,17,one_year,electronic_check,No,0,92.82,1651.63,1,1,1,1,1,1,0,0,0,3,0,1,0,23.91,36,734,0
CUST0000000139,29-12-2024 12:53,18,Female,87137.03,master,married,2,40,one_year,credit_card,Yes,0,68.26,1876.29,6,1,1,0,0,1,1,0,1,5,0,0,0,128.24,62,478,0
CUST0000000140,10-02-2021 12:53,56,Female,71159.08,bachelor,married,1,21,two_year,bank_transfer,Yes,0,65.82,1391.53,3,1,0,0,0,0,0,0,1,6,1,2,0,0,19,758,0
CUST0000000141,20-11-2021 12:53,34,Male,25520.26,bachelor,married,1,11,one_year,credit_card,Yes,0,142.86,1595.91,4,1,1,0,0,0,1,1,0,5,0,4,2,72.48,26,787,0
CUST0000000142,26-05-2025 12:53,52,Male,210917.47,master,single,0,1,one_year,electronic_check,No,0,66.57,47.31,3,1,0,0,0,0,0,1,1,4,1,1,0,0,9,545,0
CUST0000000143,31-03-2023 12:53,34,Male,105354.29,high_school,married,0,16,one_year,bank_transfer,No,0,44.82,706.66,2,0,0,0,0,0,0,0,1,3,1,0,1,0,19,618,0
CUST0000000144,02-12-2025 12:53,37,Male,27581.6,bachelor,divorced,1,15,one_year,bank_transfer,Yes,1,76.63,807.07,1,0,1,0,0,1,1,1,1,8,2,5,0,,126,662,0
CUST0000000145,25-02-2023 12:53,51,Female,26604.01,college,married,0,4,two_year,electronic_check,No,1,96.54,271.82,4,1,1,0,0,1,0,1,0,5,2,3,0,28.09,33,624,0
CUST0000000146,30-08-2025 12:53,39,Female,102371.47,bachelor,divorced,1,1,two_year,credit_card,Yes,1,71.64,68.34,2,1,1,1,0,0,1,1,1,7,0,1,2,51.86,7,692,0
CUST0000000147,25-06-2025 12:53,47,Female,20000,bachelor,married,1,17,one_year,credit_card,Yes,1,55.67,1007.59,2,1,0,0,0,0,0,0,1,4,1,0,0,0,19,608,0
CUST0000000148,24-11-2023 12:53,49,Female,27230.75,master,married,1,9,two_year,credit_card,Yes,0,72.03,429.62,4,1,1,0,0,0,1,1,0,8,0,4,0,31.79,29,649,0
CUST0000000149,27-06-2023 12:53,23,Male,30525.71,high_school,single,0,5,one_year,mailed_check,Yes,1,79.91,429.73,2,0,1,0,0,0,1,0,1,5,0,2,2,5.24,44,631,0
CUST0000000150,20-02-2023 12:53,52,Female,48840.52,phd,single,3,2,one_year,electronic_check,Yes,0,83.7,164.28,1,1,1,0,1,0,0,1,0,6,1,2,0,,3,636,0
CUST0000000151,05-02-2023 12:53,30,Male,33776.27,college,single,1,43,two_year,mailed_check,Yes,0,107.55,4962.82,3,1,1,0,1,0,0,1,1,8,1,3,1,179.16,31,697,0
CUST0000000152,27-08-2024 12:53,28,Female,35368.57,bachelor,married,1,10,one_year,mailed_check,Yes,0,90.34,933.51,3,0,1,1,0,1,1,1,0,4,0,1,0,,36,760,0
CUST0000000153,01-12-2024 12:53,34,Female,25295.43,master,single,1,42,two_year,credit_card,No,0,73.79,2076.59,1,1,1,0,0,0,1,1,1,7,1,1,0,32.67,91,698,0
CUST0000000154,28-08-2021 12:53,57,Female,94395.81,high_school,divorced,2,1,two_year,mailed_check,Yes,0,58.85,53.19,6,0,0,0,0,0,0,0,1,7,1,2,1,0,30,707,0
CUST0000000155,27-03-2021 12:53,20,Male,82487.19,high_school,single,2,1,two_year,credit_card,Yes,1,81.5,61.95,1,1,1,0,0,0,1,1,1,9,1,1,1,11.53,2,691,0
CUST0000000156,30-10-2023 12:53,54,Female,87183.13,high_school,divorced,2,61,two_year,credit_card,Yes,0,87.52,6087.775385,3,1,1,1,1,0,0,1,0,7,0,2,1,94.85,11,765,0
CUST0000000157,05-10-2025 12:53,50,Male,48040.64,phd,married,1,26,one_year,bank_transfer,Yes,1,133.93,3251.63,3,0,1,0,1,0,1,1,1,3,0,1,0,112.67,38,690,0
CUST0000000158,28-02-2024 12:53,46,Male,23634.77,college,married,3,72,two_year,credit_card,No,1,149.63,11246.24,6,1,1,0,0,0,1,1,1,8,2,3,0,31.66,46,730,0
CUST0000000159,17-01-2024 12:53,48,Female,38156.1,college,single,1,15,one_year,mailed_check,Yes,0,130.25,2122.7,6,1,1,1,0,0,1,0,0,6,0,1,0,20.17,33,752,0
CUST0000000160,24-09-2021 12:53,40,Female,53163.68,master,single,1,4,one_year,bank_transfer,Yes,0,84.74,336.83,2,1,1,0,0,0,0,0,1,5,0,0,1,9.22,24,642,0
CUST0000000161,27-05-2023 12:53,55,Female,39186.77,bachelor,married,0,72,one_year,bank_transfer,No,0,106.6,8085.09,3,0,1,0,1,0,1,0,0,8,0,0,0,29.94,46,777,0
CUST0000000162,16-03-2021 12:53,38,Male,93613.63,high_school,single,2,4,one_year,credit_card,No,0,100.65,373.12,1,1,1,1,1,0,0,1,1,9,1,0,1,8.43,55,475,0
CUST0000000163,09-05-2024 12:53,20,Female,66356.3,high_school,married,1,11,two_year,credit_card,Yes,0,90.77,1082.34,4,1,1,1,0,0,0,1,0,9,1,2,3,17.15,138,677,0
CUST0000000164,18-12-2021 12:53,43,Female,39617.87,bachelor,married,1,65,one_year,bank_transfer,No,0,93.36,5616.36,3,1,1,1,1,0,1,0,1,8,0,0,1,39.43,48,653,0
CUST0000000165,09-04-2024 12:53,57,Male,20000,high_school,single,1,2,two_year,electronic_check,Yes,0,91.04,197.91,1,1,1,0,1,1,0,1,1,4,1,0,0,73.17,95,633,0
CUST0000000166,14-02-2021 12:53,52,Other,,high_school,single,0,14,one_year,electronic_check,Yes,0,101.31,1476.32,3,0,1,0,0,0,0,0,0,1,0,3,0,9.19,66,541,1
CUST0000000167,20-03-2023 12:53,72,Male,138477.79,bachelor,single,1,52,two_year,credit_card,Yes,0,86.76,4101.91,3,1,1,0,1,1,0,0,1,9,0,1,0,21.84,52,596,0
CUST0000000168,19-08-2022 12:53,41,Male,57746.58,bachelor,married,1,9,two_year,credit_card,Yes,0,69.72,675.18,3,0,0,0,0,0,0,1,0,4,3,1,0,0,1,,0
CUST0000000169,27-08-2024 12:53,42,Female,64932.72,bachelor,widowed,1,72,one_year,bank_transfer,Yes,1,90.91,6222.01,3,1,1,0,0,1,1,0,1,8,0,0,1,22.43,29,726,0
CUST0000000170,07-12-2023 12:53,41,Female,20905.93,college,married,1,72,one_year,credit_card,Yes,1,63.82,4575.16,2,1,1,0,1,0,0,0,1,1,1,3,1,39,8,711,1
CUST0000000171,10-12-2024 12:53,33,Male,82846.38,high_school,single,0,15,one_year,bank_transfer,Yes,0,147.16,1562.8,5,1,1,1,0,1,1,1,0,9,0,1,0,205.83,172,709,0
CUST0000000172,25-08-2023 12:53,37,Female,58386.46,bachelor,divorced,0,9,one_year,electronic_check,No,0,90.51,784.12,2,1,1,0,0,0,0,0,1,4,1,4,0,24.22,2,643,0
CUST0000000173,09-11-2023 12:53,29,Male,28441.49,high_school,married,1,72,one_year,credit_card,No,0,65.11,4447.33,1,1,1,1,0,1,1,0,1,2,1,0,0,49.14,14,628,0
CUST0000000174,15-12-2024 12:53,18,Male,38228.43,phd,married,0,72,one_year,credit_card,Yes,0,77.86,5525.07,5,1,1,1,0,0,1,1,1,9,0,1,0,5.89,141,668,0
CUST0000000175,19-06-2025 12:53,36,Female,37930.87,high_school,single,0,14,one_year,electronic_check,Yes,0,88.05,1137.95,3,1,1,0,1,0,0,1,1,7,1,1,1,44.25,39,655,0
CUST0000000176,10-03-2023 12:53,45,Female,90512.18,bachelor,single,0,1,one_year,bank_transfer,Yes,0,111.87,114.82,3,1,1,0,0,1,1,0,1,6,1,2,1,18.8,274,587,1
CUST0000000177,17-09-2021 12:53,54,Male,124063.71,master,married,1,14,month_to_month,credit_card,Yes,0,76.27,1167.49,1,0,0,0,0,0,0,1,1,5,0,0,0,0,5,675,0
CUST0000000178,04-08-2023 12:53,36,Female,42623.44,college,married,1,29,one_year,bank_transfer,Yes,0,86.88,2522.52,2,1,1,0,1,1,0,0,1,1,1,3,2,56.44,13,675,1
CUST0000000179,19-12-2021 12:53,36,Male,92692.2,bachelor,divorced,0,23,two_year,electronic_check,Yes,0,81.77,1204.4,3,0,1,0,0,0,1,1,0,8,0,0,1,49.06,3,484,0
CUST0000000180,03-05-2021 12:53,60,Male,27967.04,phd,single,1,26,two_year,credit_card,Yes,0,85.49,1616.75,2,1,1,1,0,1,0,0,0,9,0,2,2,52.31,95,472,0
CUST0000000181,27-08-2021 12:53,25,Male,42785.69,bachelor,married,0,72,two_year,bank_transfer,Yes,0,96.59,6621.95,1,0,1,0,1,0,1,0,0,4,0,2,0,47.02,143,,0
CUST0000000182,01-09-2023 12:53,42,Female,29239.74,high_school,single,1,26,one_year,bank_transfer,Yes,1,98.48,2540.78,1,1,1,0,1,0,0,0,0,9,1,2,0,11.24,62,772,0
CUST0000000183,31-12-2023 12:53,59,Female,67866.6,college,single,0,2,one_year,credit_card,Yes,0,90.38,178.35,4,1,1,1,1,0,0,1,0,3,3,3,1,92.41,56,727,0
CUST0000000184,27-07-2022 12:53,34,Male,24330.68,college,single,0,21,one_year,electronic_check,Yes,0,76.19,1667.84,1,1,1,0,1,0,1,1,1,6,1,2,1,28.35,63,588,0
CUST0000000185,27-06-2024 12:53,21,Female,65081.55,college,married,0,5,two_year,bank_transfer,No,0,83.6,290.47,2,0,1,1,1,1,0,1,0,9,0,0,1,12.42,52,761,0
CUST0000000186,28-03-2023 12:53,70,Female,48782.66,high_school,single,2,38,one_year,electronic_check,Yes,0,74.9,2727.52,1,1,1,1,0,0,0,1,0,5,3,4,0,43.11,54,658,1
CUST0000000187,08-10-2025 12:53,56,Female,37570.93,high_school,single,2,10,one_year,mailed_check,No,0,61.55,445.14,2,1,0,0,0,0,0,1,1,2,0,0,2,0,1,703,0
CUST0000000188,21-03-2021 12:53,57,Male,55069.77,bachelor,married,2,16,one_year,electronic_check,Yes,0,99.4,1666.81,4,0,1,0,0,1,1,0,0,6,0,1,2,15.9,39,620,1
CUST0000000189,14-09-2024 12:53,43,Male,39500.73,phd,married,1,29,two_year,bank_transfer,Yes,0,93.15,2970.77,2,1,1,0,0,0,0,1,0,9,0,1,0,11.19,1,683,0
CUST0000000190,11-02-2022 12:53,54,Female,186172.25,college,widowed,0,4,two_year,electronic_check,No,0,97.98,416.28,3,1,1,1,1,1,1,0,1,8,0,1,1,49.85,61,746,0
CUST0000000191,26-05-2025 12:53,18,Female,20000,bachelor,single,0,22,two_year,credit_card,Yes,1,108.79,2259.18,3,0,1,0,0,1,0,1,0,8,1,2,0,10.31,41,569,0
CUST0000000192,25-12-2023 12:53,38,Female,68600.25,bachelor,single,0,4,two_year,electronic_check,No,0,91.61,379.26,2,1,1,1,1,0,0,1,1,9,1,1,1,30.77,36,632,0
CUST0000000193,08-06-2021 12:53,59,Male,99389.54,high_school,single,1,42,two_year,credit_card,No,1,39.51,1596.23,2,0,0,0,0,0,0,1,0,7,0,2,1,0,19,419,0
CUST0000000194,05-10-2022 12:53,24,Male,55494.47,high_school,married,2,9,one_year,bank_transfer,Yes,0,99.62,850.51,5,1,1,0,0,0,1,1,1,5,1,1,0,405.54,51,590,0
CUST0000000195,20-07-2024 12:53,39,Male,26543.77,college,widowed,0,18,one_year,bank_transfer,No,0,72.69,1330.27,2,1,1,0,1,0,0,1,1,9,0,0,1,41.39,14,656,0
CUST0000000196,17-02-2023 12:53,49,Female,124975.18,high_school,single,3,42,month_to_month,credit_card,Yes,0,97.91,3898.69,3,1,1,0,1,0,1,0,1,6,0,1,0,33.09,150,621,0
CUST0000000197,05-08-2024 12:53,33,Female,20000,high_school,divorced,2,72,two_year,electronic_check,Yes,1,77.96,6006.63,1,1,1,0,1,0,0,1,1,5,3,3,0,35.95,25,695,0
CUST0000000198,16-10-2022 12:53,45,Female,46962.93,bachelor,married,0,9,one_year,bank_transfer,Yes,1,107.24,1057.46,3,0,1,0,1,0,1,0,0,8,0,0,1,18.66,14,659,0
CUST0000000199,25-04-2021 12:53,50,Other,34475.07,high_school,single,1,2,two_year,electronic_check,No,0,81.61,108.42,5,0,1,1,1,0,0,1,0,6,0,0,0,91.63,44,676,0
CUST0000000200,25-07-2022 12:53,49,Female,241561.75,bachelor,married,0,72,two_year,bank_transfer,No,0,91.64,6762.31,2,1,1,1,0,1,0,0,1,4,0,0,0,25.44,11,410,0
CUST0000000201,29-12-2022 12:53,38,Male,30243.14,college,divorced,2,72,one_year,electronic_check,Yes,1,139.72,10412.83,6,1,1,0,1,0,1,0,1,8,2,3,0,79.23,7,703,0
CUST0000000202,18-01-2021 12:53,32,Male,20000,high_school,divorced,0,60,one_year,credit_card,Yes,0,56.14,3541.49,3,1,1,0,1,0,1,1,0,5,0,1,1,13.8,41,676,0
CUST0000000203,13-06-2024 12:53,50,Female,26783.83,phd,single,2,45,one_year,credit_card,Yes,0,87.53,3803.95,2,1,1,1,0,0,1,1,1,7,0,1,0,47.22,16,636,1
CUST0000000204,01-03-2024 12:53,50,Female,76201.22,high_school,married,1,16,one_year,electronic_check,Yes,0,107.08,1648.41,5,1,0,0,0,0,1,1,1,9,0,0,0,0,50,708,0
CUST0000000205,04-07-2024 12:53,49,Female,178632.54,bachelor,single,1,15,one_year,credit_card,No,0,95.64,1533.34,5,1,1,1,1,1,0,1,1,7,0,2,0,56.41,94,687,0
CUST0000000206,28-08-2021 12:53,46,Female,31554.57,college,single,0,19,one_year,credit_card,Yes,0,71.26,1441.49,4,1,1,1,0,0,1,1,1,6,4,7,2,11.94,14,682,0
CUST0000000207,05-04-2023 12:53,50,Female,34148.54,bachelor,divorced,2,2,two_year,bank_transfer,Yes,0,82.08,114.47,1,0,1,0,1,0,0,1,0,9,0,1,0,17.43,11,788,0
CUST0000000208,06-04-2024 12:53,58,Female,39907.64,bachelor,married,1,54,one_year,bank_transfer,No,1,111.82,5445.63,2,1,1,0,0,0,0,0,0,1,1,2,1,56.63,17,611,0
CUST0000000209,08-11-2023 12:53,49,Female,83651.83,high_school,single,0,22,two_year,credit_card,Yes,1,61.1,1423.23,1,1,1,1,0,0,1,1,0,9,1,3,0,129.2,195,675,1
CUST0000000210,25-02-2023 12:53,46,Female,33769.65,college,married,2,72,two_year,credit_card,Yes,0,69.55,4538.84,1,1,1,1,1,1,1,1,0,5,0,2,0,17.37,61,543,0
CUST0000000211,13-07-2021 12:53,37,Male,60949.42,high_school,married,1,28,one_year,bank_transfer,Yes,1,94.05,2562.65,3,1,1,0,1,0,0,1,0,7,1,0,1,39.93,118,680,0
CUST0000000212,15-09-2021 12:53,65,Male,34690.8,phd,married,0,10,one_year,credit_card,Yes,0,78.39,734.1,3,1,1,1,0,0,0,0,0,5,0,3,0,47.44,35,756,0
CUST0000000213,19-04-2022 12:53,28,Male,40175.57,college,single,0,4,one_year,electronic_check,No,1,131.49,521.36,5,1,1,1,1,1,1,1,1,5,0,1,0,15.41,22,718,0
CUST0000000214,16-01-2021 12:53,41,Female,34528.27,bachelor,married,0,1,two_year,credit_card,No,1,59.11,64.09,1,1,1,0,1,0,1,1,0,8,0,2,1,15.74,8,634,0
CUST0000000215,28-04-2022 12:53,37,Male,63079.08,master,single,0,9,two_year,bank_transfer,Yes,1,103.26,1001.38,3,1,1,1,0,0,1,0,0,7,0,0,0,119.55,99,742,0
CUST0000000216,23-06-2021 12:53,18,Female,35641.79,bachelor,single,1,10,one_year,credit_card,Yes,0,76.8,710.87,3,0,0,0,0,0,0,0,1,9,,1,0,0,71,710,0
CUST0000000217,04-11-2021 12:53,50,Male,143191.67,high_school,widowed,1,15,two_year,credit_card,Yes,1,100.96,1577.24,1,1,1,0,0,0,1,0,0,8,1,3,3,16.37,87,724,0
CUST0000000218,11-04-2022 12:53,41,Male,23255.16,bachelor,divorced,1,25,one_year,electronic_check,Yes,0,66.11,1744.02,2,1,1,1,0,0,1,0,0,8,1,0,1,42.5,40,647,0
CUST0000000219,07-12-2021 12:53,45,Other,69031.69,high_school,single,2,2,two_year,electronic_check,No,0,77.45,113.94,1,0,1,0,0,0,1,0,0,1,0,1,1,31.46,17,656,0
CUST0000000220,06-08-2022 12:53,42,Female,72335.47,bachelor,married,0,8,two_year,credit_card,Yes,0,87.56,463.94,2,1,1,0,0,0,0,1,1,4,1,2,1,39.98,184,616,1
CUST0000000221,06-07-2025 12:53,56,Female,47922.3,bachelor,widowed,1,5,one_year,bank_transfer,Yes,0,37.42,194.53,2,0,0,0,0,0,1,0,1,8,0,0,0,0,22,802,0
CUST0000000222,12-08-2022 12:53,58,Other,20000,high_school,widowed,0,25,two_year,electronic_check,Yes,0,104.45,2737.87,3,0,1,1,0,1,1,0,1,9,0,1,1,16.9,129,621,0
CUST0000000223,05-03-2022 12:53,28,Female,44187.31,bachelor,married,1,20,one_year,credit_card,Yes,0,64.82,1326.04,2,1,0,0,0,0,0,1,1,8,0,0,0,0,120,774,0
CUST0000000224,13-03-2022 12:53,71,Male,31970.28,college,single,0,27,one_year,electronic_check,Yes,0,101.47,2767.54,1,1,1,0,0,0,1,1,0,8,1,3,0,172.86,68,636,0
CUST0000000225,15-06-2022 12:53,41,Male,42363.75,high_school,single,0,5,one_year,credit_card,Yes,1,115.43,633.07,4,0,1,0,1,0,1,1,0,,0,3,1,66.52,92,672,0
CUST0000000226,19-04-2024 12:53,53,Female,44128.19,phd,married,1,1,month_to_month,credit_card,Yes,0,105.79,107.57,4,1,1,1,1,1,0,0,1,9,1,0,0,45.45,120,596,1
CUST0000000227,24-04-2024 12:53,47,Male,115405.96,bachelor,widowed,3,1,two_year,bank_transfer,Yes,1,83.44,57.64,1,1,1,0,0,1,1,1,1,9,0,4,0,62.92,6,613,0
CUST0000000228,15-05-2023 12:53,46,Female,81232.17,master,married,1,14,two_year,credit_card,Yes,1,93.17,992.86,3,0,1,0,1,1,1,0,0,5,1,2,0,36.9,29,798,0
CUST0000000229,10-03-2021 12:53,53,Male,36466.06,bachelor,married,1,50,two_year,credit_card,No,0,101.3,4841.32,2,1,1,0,1,1,1,1,0,6,1,4,0,,9,759,0
CUST0000000230,09-07-2022 12:53,64,Male,50175.49,master,single,2,18,one_year,electronic_check,Yes,0,105.46,2043.47,2,0,1,1,1,0,1,1,0,8,2,1,2,24.22,52,843,0
CUST0000000231,31-03-2022 12:53,56,Female,69538.34,college,divorced,0,17,two_year,credit_card,Yes,1,89.13,1510.75,1,0,1,0,1,0,0,1,0,5,1,3,0,18.65,46,734,0
CUST0000000232,02-02-2024 12:53,41,Female,89261.22,master,married,1,18,two_year,electronic_check,Yes,0,41.8,810.75,1,0,0,0,0,0,0,1,1,8,2,8,1,0,227,603,0
CUST0000000233,24-12-2021 12:53,43,Male,77952.16,college,divorced,1,17,two_year,mailed_check,Yes,0,86.19,1345.5,2,1,1,1,1,0,1,0,1,4,1,2,0,10.7,61,551,0
CUST0000000234,07-02-2022 12:53,36,Female,125530,high_school,single,0,52,one_year,bank_transfer,Yes,0,122.4,4020.07,3,1,1,0,1,0,1,0,1,9,,3,0,38.18,180,615,0
CUST0000000235,03-04-2024 12:53,55,Female,20000,high_school,single,0,12,month_to_month,credit_card,Yes,0,126.87,1387.83,4,1,1,0,1,0,1,1,1,3,0,0,0,,25,760,1
CUST0000000236,28-02-2025 12:53,53,Male,29990.55,college,divorced,1,41,one_year,credit_card,Yes,0,75.74,3392.03,2,0,1,1,0,1,1,0,0,9,0,1,1,144.81,22,568,0
CUST0000000237,17-05-2021 12:53,39,Female,26570.63,high_school,married,1,42,one_year,credit_card,Yes,1,94.32,3783.34,2,1,1,0,1,0,0,0,1,3,0,1,0,12.02,52,,0
CUST0000000238,12-08-2022 12:53,64,Female,89339.63,master,married,1,21,one_year,electronic_check,No,0,105.67,2314.62,2,1,1,0,1,1,0,0,0,2,0,1,0,31.83,8,658,0
CUST0000000239,03-08-2022 12:53,61,Male,22680.82,master,single,0,5,two_year,mailed_check,No,1,80.69,417.76,1,1,1,0,1,0,1,0,0,7,1,2,1,44.09,81,798,0
CUST0000000240,28-02-2024 12:53,72,Male,33445,bachelor,married,1,35,two_year,credit_card,Yes,0,80.02,2731.45,1,1,1,0,1,1,1,1,0,8,0,1,0,50.57,81,651,0
CUST0000000241,19-03-2024 12:53,33,Female,44293.75,high_school,married,1,1,one_year,mailed_check,Yes,0,120.64,131.12,3,1,1,0,1,0,1,1,0,9,2,3,1,65.87,205,690,0
CUST0000000242,16-03-2022 12:53,43,Male,163717.28,phd,divorced,1,1,two_year,credit_card,Yes,1,72.87,77.04,2,1,1,0,0,0,1,0,0,5,2,1,0,258.13,15,662,0
CUST0000000243,22-05-2021 12:53,42,Female,55345.95,bachelor,single,1,20,two_year,credit_card,Yes,1,110.87,2288.91,2,0,1,0,0,0,0,1,1,6,0,1,1,179.97,40,774,0
CUST0000000244,25-07-2021 12:53,84,Male,81423.73,master,single,1,6,two_year,credit_card,Yes,0,49.81,303.25,2,1,1,0,0,0,0,1,0,7,1,2,1,11.29,48,725,0
CUST0000000245,08-12-2021 12:53,45,Female,22689.34,bachelor,divorced,0,7,two_year,bank_transfer,Yes,0,61.69,435.61,2,0,1,1,0,1,0,1,1,7,1,4,0,36.08,3,737,0
CUST0000000246,04-08-2022 12:53,63,Male,145626.89,bachelor,married,2,1,two_year,bank_transfer,Yes,0,68.09,66.36,2,0,1,0,0,0,1,1,0,9,2,1,1,13.27,17,597,0
CUST0000000247,02-05-2021 12:53,60,Male,23120.7,master,married,3,54,one_year,credit_card,Yes,1,58.26,2980.3,5,1,1,0,1,0,0,0,0,,1,2,1,35.09,123,638,0
CUST0000000248,02-12-2022 12:53,43,Female,30567.45,bachelor,single,2,19,one_year,credit_card,No,0,71.82,1411.95,1,0,1,0,0,0,1,0,1,5,0,0,0,309.31,17,588,0
CUST0000000249,13-11-2021 12:53,45,Male,34324.96,college,single,0,1,two_year,credit_card,No,0,142.28,152.08,4,1,1,0,0,0,1,1,1,6,1,1,2,62.84,19,698,0
CUST0000000250,27-10-2024 12:53,52,Female,74674.2,high_school,married,0,20,one_year,credit_card,Yes,0,61.47,1330.94,1,1,1,1,1,1,0,0,0,9,0,0,0,15.57,1,725,0
CUST0000000251,27-06-2024 12:53,63,Female,65897.87,high_school,single,2,29,one_year,bank_transfer,Yes,1,80.31,1641.04,1,0,1,0,0,0,1,1,1,7,0,3,0,,56,605,0
CUST0000000252,30-06-2022 12:53,42,Female,45200.19,bachelor,widowed,1,30,one_year,credit_card,Yes,0,99.92,3220.82,2,1,1,0,0,0,1,0,0,9,0,0,0,45.24,62,632,0
CUST0000000253,31-10-2021 12:53,37,Female,39032.18,college,single,1,14,one_year,credit_card,Yes,0,110.57,1689.51,4,1,1,0,0,0,1,0,0,6,1,1,0,17.78,49,613,0
CUST0000000254,04-03-2022 12:53,58,Male,43449.66,master,single,2,13,one_year,bank_transfer,No,0,53.9,765.37,3,1,0,0,0,0,0,0,1,6,2,2,0,0,77,711,0
CUST0000000255,03-03-2022 12:53,27,Male,88348.38,master,single,1,7,one_year,credit_card,Yes,0,71,521.03,2,1,1,0,0,1,0,0,1,3,2,3,0,66.51,18,599,0
CUST0000000257,20-07-2021 12:53,60,Female,43857.03,phd,single,2,37,one_year,mailed_check,Yes,0,96.37,2666.61,5,1,1,0,0,0,1,0,1,9,1,2,0,13.49,52,557,0
CUST0000000258,08-07-2021 12:53,51,Male,,high_school,single,1,72,two_year,electronic_check,Yes,0,78.38,6070.16,3,0,1,0,0,0,1,1,1,6,0,0,0,7.73,29,646,0
CUST0000000259,05-06-2023 12:53,36,Male,24746.26,high_school,divorced,1,57,one_year,electronic_check,Yes,0,43.12,2304.39,6,0,0,0,0,0,1,1,1,9,1,3,0,0,18,634,0
CUST0000000260,03-01-2023 12:53,29,Female,56181.47,master,widowed,3,12,two_year,bank_transfer,Yes,0,90.13,1148.47,3,1,1,0,0,0,0,1,1,8,0,1,1,23.36,23,715,0
CUST0000000261,13-02-2024 12:53,62,Female,50431.3,phd,divorced,1,13,two_year,credit_card,Yes,0,117.42,1428.54,4,0,1,1,1,0,0,1,0,7,1,1,0,56.06,14,,1
CUST0000000262,21-09-2025 12:53,42,Male,52221.06,college,single,2,23,two_year,electronic_check,Yes,0,89.14,1846.25,3,1,1,0,1,0,0,1,0,5,0,1,1,38.17,11,561,0
CUST0000000263,10-01-2026 12:53,31,Female,130784.57,master,single,0,9,one_year,credit_card,Yes,0,95.11,872.44,1,1,1,0,0,0,0,1,0,9,1,4,1,17.06,10,739,0
CUST0000000264,10-04-2024 12:53,62,Female,108922.47,bachelor,married,0,1,one_year,electronic_check,Yes,0,45.02,44.57,2,1,0,0,0,0,0,1,1,9,0,1,1,0,46,575,0
CUST0000000265,06-06-2025 12:53,57,Male,20000,college,married,2,4,two_year,credit_card,Yes,0,130.63,477.37,4,1,1,0,0,1,0,1,0,6,0,2,0,51.41,5,639,0
CUST0000000266,05-09-2021 12:53,29,Male,124551.23,high_school,widowed,3,19,one_year,credit_card,Yes,0,103.28,2096.22,5,0,0,0,0,0,0,0,1,8,0,0,0,0,32,507,0
CUST0000000267,10-09-2023 12:53,82,Female,20000,college,divorced,1,18,one_year,bank_transfer,No,1,67.81,1244.53,2,0,1,1,0,0,0,1,0,7,,4,0,11.9,37,721,0
CUST0000000268,19-03-2021 12:53,36,Female,86400.82,bachelor,divorced,1,72,two_year,bank_transfer,No,0,140.1,7535.69,5,1,1,1,1,0,0,1,0,1,0,0,0,37.6,17,734,0
CUST0000000269,12-08-2022 12:53,56,Female,59027.01,bachelor,married,1,18,one_year,electronic_check,Yes,0,89.02,1561.96,2,1,1,0,1,0,1,0,1,6,0,3,0,53.78,80,743,0
CUST0000000270,23-12-2024 12:53,74,Male,43384.4,college,single,1,26,two_year,credit_card,No,0,144.63,3842.2,5,0,1,0,1,0,1,1,0,8,0,0,0,44.8,54,738,0
CUST0000000271,15-02-2022 12:53,58,Male,57670.19,bachelor,single,0,7,one_year,credit_card,No,1,84.48,598.31,3,1,1,0,1,0,1,1,0,5,0,3,0,57.27,36,663,0
CUST0000000272,25-06-2021 12:53,48,Female,82951.39,college,divorced,0,11,one_year,mailed_check,Yes,0,89.32,902.18,2,1,1,1,0,1,0,1,1,7,1,3,0,9.53,54,791,0
CUST0000000273,15-11-2022 12:53,23,Male,20000,master,married,0,1,two_year,credit_card,No,1,72.34,75.32,1,1,1,0,0,0,1,1,0,9,0,0,0,105.77,21,617,0
CUST0000000274,31-01-2023 12:53,75,Female,83118.97,college,married,0,14,one_year,electronic_check,Yes,0,53.61,715.6,2,1,0,0,0,0,0,0,1,7,3,4,1,0,17,733,0
CUST0000000275,10-05-2021 12:53,57,Female,64655.59,bachelor,married,2,5,two_year,credit_card,Yes,0,34.91,163.2,2,0,0,0,0,0,0,0,0,9,0,3,0,0,124,538,0
CUST0000000276,13-01-2024 12:53,23,Female,27015.2,bachelor,single,0,1,two_year,mailed_check,No,0,51.89,54.49,5,1,1,0,0,1,0,0,0,9,1,3,0,30.86,23,614,0
CUST0000000277,22-05-2021 12:53,68,Male,77956.32,college,married,0,37,one_year,bank_transfer,Yes,0,69.07,2342.51,2,1,1,0,0,0,0,1,0,8,0,0,0,68.55,76,775,0
CUST0000000278,14-04-2021 12:53,45,Other,28849.3,high_school,divorced,1,3,two_year,bank_transfer,Yes,0,138.42,423.09,6,1,1,1,1,0,1,0,1,7,2,2,0,42.58,28,,0
CUST0000000279,02-02-2022 12:53,40,Male,43025.3,college,married,0,53,two_year,mailed_check,No,1,91.81,4412.85,1,1,1,0,1,0,0,1,1,9,0,3,0,10.16,81,782,0
CUST0000000280,10-05-2025 12:53,36,Female,31751.13,high_school,married,0,4,one_year,mailed_check,No,0,71.79,286.77,1,0,1,0,1,0,1,0,1,5,0,1,1,52.03,34,662,1
CUST0000000281,29-09-2023 12:53,47,Male,58407.2,college,single,1,39,one_year,electronic_check,Yes,0,65.46,2669.3,1,1,1,1,0,1,1,1,1,4,0,2,0,36.93,15,624,0
CUST0000000282,10-01-2022 12:53,57,Male,83526.8,bachelor,single,1,50,two_year,credit_card,Yes,1,92.77,4453.84,4,1,1,0,1,1,0,0,0,6,0,0,0,,5,621,0
CUST0000000283,23-06-2025 12:53,37,Male,29835.28,bachelor,divorced,2,1,two_year,bank_transfer,No,0,118.45,128.79,2,1,1,1,1,0,1,1,0,5,1,3,0,28.65,3,844,0
CUST0000000284,22-09-2022 12:53,46,Female,25093.28,college,married,0,23,two_year,credit_card,Yes,1,111.86,2342.39,4,1,1,0,0,1,0,1,1,9,0,0,0,62.67,32,620,0
CUST0000000285,11-09-2025 12:53,90,Male,50955.4,bachelor,married,0,39,two_year,electronic_check,Yes,1,43.12,1683.57,1,1,0,0,0,0,0,1,0,9,0,3,2,0,2,577,0
CUST0000000286,07-12-2024 12:53,52,Male,52934.32,bachelor,married,1,63,month_to_month,electronic_check,Yes,0,57.95,3332.18,1,1,1,1,0,0,1,0,0,2,0,0,0,43.83,1,697,0
CUST0000000287,07-12-2023 12:53,59,Male,35470.3,college,married,0,20,two_year,credit_card,No,0,98.79,1362.48,3,0,1,1,1,0,1,0,0,9,0,1,1,28.94,92,682,0
CUST0000000288,24-03-2025 12:53,30,Male,22648.22,college,single,2,36,one_year,bank_transfer,Yes,0,86.57,3419.78,2,1,1,1,0,1,1,1,0,9,0,2,2,18.68,8,638,0
CUST0000000289,07-04-2025 12:53,24,Male,67735.92,high_school,married,1,16,two_year,bank_transfer,Yes,0,98.83,1109.83,3,1,1,0,0,1,1,0,0,9,0,2,1,26.18,59,740,0
CUST0000000290,12-08-2023 12:53,66,Male,35455.92,high_school,married,0,20,one_year,credit_card,Yes,0,73.4,1612.42,1,1,1,0,1,0,0,1,0,5,2,1,0,36.13,33,697,0
CUST0000000291,23-07-2021 12:53,62,Male,39229.4,college,married,0,6,two_year,credit_card,No,0,112.64,610.08,3,1,1,0,1,1,1,0,0,4,0,0,2,13.05,4,682,0
CUST0000000292,28-06-2025 12:53,70,Male,158515.97,phd,divorced,1,13,one_year,mailed_check,Yes,0,84.97,1190.85,4,1,1,0,1,0,1,1,0,9,1,3,0,,38,847,0
CUST0000000293,06-05-2023 12:53,43,Male,32626.86,master,married,2,25,one_year,credit_card,Yes,0,66.88,1723.52,2,1,1,0,1,0,1,1,0,1,0,1,1,27.29,91,619,0
CUST0000000294,30-10-2021 12:53,63,Female,100797.8,master,divorced,0,7,one_year,electronic_check,Yes,1,72.2,521.24,1,1,1,1,0,0,0,1,0,8,0,0,1,500,60,777,0
CUST0000000295,22-12-2023 12:53,18,Female,102218.01,bachelor,single,1,13,two_year,mailed_check,Yes,0,59.31,756.97,1,1,1,1,0,0,1,0,1,6,1,4,0,55.72,51,716,0
CUST0000000296,21-08-2025 12:53,53,Male,48094.49,high_school,single,1,69,two_year,electronic_check,Yes,0,54.76,3839.6,1,0,0,0,0,0,0,1,0,8,0,1,0,0,46,528,1
CUST0000000297,13-05-2024 12:53,60,Male,57737.91,college,married,2,2,two_year,bank_transfer,Yes,1,64.56,128.88,1,1,1,0,1,1,0,0,0,8,0,2,1,8.79,87,724,0
CUST0000000298,05-09-2022 12:53,34,Male,59237.38,master,married,0,12,one_year,mailed_check,No,0,100.96,1328.12,3,0,1,1,1,1,1,1,1,4,0,0,1,35.06,6,685,0
CUST0000000299,21-11-2022 12:53,60,Female,58563.68,bachelor,single,0,38,two_year,credit_card,Yes,0,92.26,3432.83,3,0,1,0,0,0,1,0,0,9,0,0,2,31.27,1,646,1
CUST0000000300,09-07-2025 12:53,42,Male,38010.59,bachelor,single,0,2,one_year,electronic_check,No,0,106.94,220.35,2,1,1,0,0,1,1,0,0,8,2,3,0,20.85,34,495,0
CUST0000000301,03-05-2022 12:53,43,Male,119225.07,bachelor,married,1,19,one_year,mailed_check,Yes,0,116.63,2390.68,6,1,1,1,1,0,1,1,1,7,0,1,0,76.98,51,780,0
CUST0000000302,05-10-2024 12:53,41,Female,32231.03,bachelor,single,1,10,two_year,credit_card,Yes,1,82.37,895.04,5,0,0,0,0,0,0,1,0,7,1,1,0,0,4,685,0
CUST0000000303,10-04-2022 12:53,68,Male,250000,master,single,1,18,one_year,electronic_check,Yes,0,106.57,2025.5,5,0,1,1,0,1,1,1,1,6,0,0,0,67.93,16,631,0
CUST0000000304,12-02-2021 12:53,38,Male,24252.01,bachelor,single,0,9,one_year,bank_transfer,Yes,0,78,671.9,2,1,0,0,0,0,0,1,0,9,1,4,0,,1,763,0
CUST0000000305,23-03-2024 12:53,36,Male,53227.11,master,married,2,1,one_year,bank_transfer,No,0,66.72,66.91,4,1,0,0,0,0,0,1,0,8,0,0,0,0,52,754,1
CUST0000000306,10-12-2023 12:53,32,Male,32555.17,bachelor,divorced,0,54,two_year,electronic_check,Yes,1,50.64,1834.76,2,0,0,0,0,0,0,1,1,6,1,2,0,0,6,675,0
CUST0000000307,02-06-2023 12:53,39,Female,102124.12,high_school,single,0,72,one_year,credit_card,Yes,0,38.32,2764.94,1,1,0,0,0,0,0,0,1,3,0,1,1,0,29,728,0
CUST0000000308,05-12-2024 12:53,47,Female,20000,college,single,3,13,one_year,electronic_check,Yes,0,64.14,762.84,1,1,1,0,1,1,1,0,0,4,1,1,0,40.8,110,659,0
CUST0000000309,13-04-2022 12:53,54,Male,43481.54,college,married,3,29,two_year,mailed_check,No,0,105.44,3063.71,1,1,1,0,0,0,1,0,0,3,0,1,0,23.42,64,678,1
CUST0000000310,30-10-2021 12:53,33,Female,158354.31,bachelor,single,0,13,two_year,bank_transfer,Yes,0,127.12,1814.45,3,1,1,0,1,0,1,1,0,5,1,3,1,23.58,10,552,0
CUST0000000311,18-08-2025 12:53,50,Male,23257.74,college,divorced,2,34,two_year,mailed_check,Yes,0,52.59,1316.75,2,1,0,0,0,0,0,1,1,6,1,1,0,0,63,587,0
CUST0000000312,28-10-2022 12:53,54,Male,65646.83,bachelor,married,0,38,two_year,bank_transfer,Yes,0,71.93,2774.51,4,1,1,0,0,0,0,0,0,3,0,2,0,85,105,680,1
CUST0000000313,01-09-2023 12:53,31,Male,49952.17,high_school,married,2,8,two_year,electronic_check,Yes,0,66.6,575.08,1,1,1,0,0,0,0,1,1,3,0,1,0,93.74,75,653,0
CUST0000000314,13-04-2021 12:53,45,Male,42288.53,high_school,single,1,1,two_year,electronic_check,Yes,0,93.1,84.11,4,1,1,0,1,1,0,1,1,1,1,1,1,34.81,216,587,0
CUST0000000315,10-09-2024 12:53,43,Male,43558.79,bachelor,married,1,72,one_year,bank_transfer,Yes,0,99.38,7455.76,1,0,1,0,1,1,0,1,0,5,1,4,0,,23,721,0
CUST0000000316,28-06-2023 12:53,46,Male,28548.44,high_school,married,2,29,one_year,electronic_check,Yes,0,78.89,2171.53,1,0,1,1,0,0,1,1,1,9,1,2,2,33.68,24,728,0
CUST0000000317,23-06-2021 12:53,37,Female,49664.7,high_school,married,4,30,two_year,credit_card,Yes,0,81.9,2329.45,1,0,1,0,1,0,0,0,0,2,2,1,2,29.8,13,649,0
CUST0000000318,10-07-2024 12:53,42,Male,40089.38,college,single,1,25,two_year,credit_card,Yes,0,102.03,2434.69,3,0,1,0,1,1,1,0,0,9,1,2,0,54.64,3,684,0
CUST0000000319,08-02-2025 12:53,45,Male,96855.68,phd,single,1,1,one_year,mailed_check,Yes,0,89.03,80.25,1,1,1,0,1,0,0,1,0,7,0,0,0,14.01,2,690,0
CUST0000000320,24-08-2023 12:53,72,Female,34561.66,bachelor,married,1,1,one_year,credit_card,No,0,79.04,76.26,5,0,1,0,0,1,1,1,0,6,0,1,1,45.18,25,740,0
CUST0000000321,11-04-2024 12:53,45,Male,24253.62,master,single,0,16,one_year,bank_transfer,Yes,1,84.66,1265.09,5,1,1,1,1,1,0,0,0,6,0,2,1,27.52,4,534,0
CUST0000000322,04-02-2021 12:53,65,Female,136799.28,bachelor,widowed,0,39,one_year,credit_card,Yes,0,89.48,3716.48,4,1,1,0,1,0,0,1,1,9,0,1,0,25.27,176,741,0
CUST0000000323,26-09-2024 12:53,66,Male,32106.87,master,married,0,72,one_year,credit_card,Yes,0,50.86,3676.3,4,0,0,0,0,0,1,1,0,3,0,1,0,0,1,572,0
CUST0000000324,14-08-2025 12:53,25,Female,139717.04,master,single,0,20,two_year,credit_card,Yes,0,42.63,799.9,3,1,0,0,0,0,1,0,0,9,1,3,0,0,54,636,0
CUST0000000325,03-02-2022 12:53,40,Male,52819.21,bachelor,married,1,2,one_year,bank_transfer,Yes,0,101.69,194.59,1,1,1,1,1,1,1,0,0,4,0,1,2,36.86,48,,1
CUST0000000326,31-05-2022 12:53,66,Male,120986.88,college,married,0,10,one_year,mailed_check,Yes,0,108.24,751.63,5,1,1,0,0,0,0,0,1,7,2,4,0,21.05,22,,0
CUST0000000327,22-07-2021 12:53,47,Female,60988.53,bachelor,married,1,68,two_year,mailed_check,No,0,59.91,3930.52,1,1,1,1,0,1,1,1,1,9,1,1,0,43.95,16,653,0
CUST0000000328,24-04-2025 12:53,43,Female,20000,master,single,0,25,one_year,electronic_check,Yes,0,56.44,1459.8,1,1,1,1,1,0,0,1,1,8,1,3,0,53.96,14,724,0
CUST0000000329,19-02-2021 12:53,56,Male,20000,bachelor,single,0,13,two_year,mailed_check,Yes,0,106.28,1380.74,5,0,1,1,0,0,0,1,1,2,0,1,1,26.71,64,549,0
CUST0000000330,21-08-2025 12:53,61,Female,37216.96,bachelor,married,0,72,one_year,electronic_check,Yes,0,134.91,10315.15,5,0,1,0,0,0,1,1,1,4,1,2,2,34.22,34,520,0
CUST0000000331,31-01-2025 12:53,44,Male,36304.54,bachelor,single,0,33,one_year,credit_card,Yes,0,73.98,2523.65,1,1,1,0,1,0,1,0,0,8,0,2,0,16.07,82,734,0
CUST0000000332,28-04-2024 12:53,40,Male,41136.59,bachelor,married,0,4,two_year,mailed_check,Yes,0,84.92,307.75,1,1,1,0,0,0,1,1,0,8,1,4,0,263.44,38,609,0
CUST0000000333,01-04-2023 12:53,18,Female,22622.34,high_school,married,2,3,two_year,credit_card,Yes,0,117.52,341.94,3,1,1,0,0,0,0,1,0,5,1,1,2,113.57,1,764,0
CUST0000000334,30-08-2021 12:53,45,Female,21211.41,bachelor,single,2,25,two_year,credit_card,Yes,0,63.29,1671.98,1,1,0,0,0,0,0,0,1,6,1,4,0,0,3,681,0
CUST0000000335,15-08-2023 12:53,39,Female,20000,high_school,married,1,72,one_year,bank_transfer,Yes,0,74.19,5237,1,1,1,1,0,0,1,0,0,8,0,0,1,30.77,16,573,0
CUST0000000336,10-01-2026 12:53,29,Male,66417.35,bachelor,single,4,39,one_year,electronic_check,Yes,1,94.46,3989.99,2,1,1,0,0,0,0,0,1,5,,5,0,11.1,31,462,0
CUST0000000337,30-07-2023 12:53,41,Male,42234.07,college,single,1,30,one_year,credit_card,Yes,0,94.59,2566.92,1,1,1,1,1,0,0,1,1,8,0,0,1,28.63,19,705,0
CUST0000000338,25-05-2022 12:53,38,Male,63225.05,bachelor,married,0,35,two_year,bank_transfer,Yes,0,92.64,3265.16,3,1,1,0,0,0,0,1,1,2,0,2,0,12.28,164,783,0
CUST0000000339,03-05-2025 12:53,47,Female,22575.25,bachelor,married,1,4,one_year,bank_transfer,Yes,0,90.33,385.39,3,1,1,0,1,0,1,1,0,6,1,2,0,21.22,114,735,0
CUST0000000340,11-06-2021 12:53,40,Male,154831.9,college,married,2,16,one_year,credit_card,Yes,0,114.97,1947.91,5,1,1,0,0,1,0,1,1,6,0,2,2,16.94,25,669,0
CUST0000000341,16-10-2024 12:53,51,Female,28465.25,phd,divorced,1,22,one_year,bank_transfer,Yes,0,103.51,1737.93,5,0,1,1,0,0,0,0,0,6,1,2,0,11.61,44,654,0
CUST0000000342,16-02-2023 12:53,47,Female,50755.42,high_school,single,3,5,two_year,electronic_check,Yes,0,115.55,589.34,2,1,1,1,1,0,0,1,1,4,0,3,0,162.68,11,635,0
CUST0000000343,16-10-2022 12:53,64,Male,48255.99,bachelor,married,1,1,one_year,bank_transfer,Yes,0,154.63,159.65,5,1,1,1,0,1,1,1,1,1,2,3,0,112.92,4,645,0
CUST0000000344,03-04-2023 12:53,36,Female,28507.85,bachelor,single,1,7,one_year,mailed_check,Yes,0,97.63,699.63,4,1,1,0,0,0,0,1,0,6,0,0,0,195.2,36,668,0
CUST0000000345,03-01-2026 12:53,71,Female,103966.4,college,single,0,52,one_year,credit_card,Yes,0,89.08,4731.3,1,1,1,1,0,0,0,0,0,4,0,1,0,5.25,144,781,0
CUST0000000346,04-08-2022 12:53,61,Female,95189.59,college,single,1,1,one_year,credit_card,Yes,0,102.45,108.75,6,0,0,0,0,0,0,1,0,8,0,1,1,0,14,598,0
CUST0000000347,16-12-2022 12:53,67,Male,27015.93,college,married,0,8,one_year,electronic_check,No,0,72.65,584.86,3,0,0,0,0,0,1,1,0,8,2,1,0,0,51,712,0
CUST0000000348,04-06-2021 12:53,48,Female,116047.36,bachelor,single,1,2,one_year,mailed_check,Yes,0,103.9,194.94,2,1,1,1,0,1,0,0,0,6,,2,0,76.4,124,780,0
CUST0000000349,19-10-2023 12:53,40,Male,46216.42,bachelor,married,2,27,two_year,credit_card,Yes,0,54.39,1574.15,1,1,1,1,1,0,0,1,1,7,0,0,1,40.44,4,764,0
CUST0000000350,18-06-2025 12:53,36,Male,44780.38,high_school,married,0,6,two_year,electronic_check,Yes,0,90.12,527.81,3,1,1,0,1,0,1,1,0,6,0,1,0,23.46,39,588,0
CUST0000000351,14-11-2022 12:53,71,Male,30672.04,master,divorced,0,16,two_year,electronic_check,No,0,97.46,1463.09,3,0,0,0,0,0,1,1,1,4,2,4,0,0,35,611,0
CUST0000000352,04-12-2024 12:53,61,Male,58785.52,master,divorced,2,8,two_year,bank_transfer,Yes,0,73.08,603.71,1,1,1,0,1,0,1,1,0,6,0,0,1,35.46,38,547,0
CUST0000000353,13-08-2025 12:53,29,Male,43634.71,bachelor,single,1,51,one_year,bank_transfer,Yes,0,65.9,3370.88,1,1,1,1,1,0,1,1,1,4,2,2,0,35.28,17,850,0
CUST0000000354,19-11-2025 12:53,59,Female,31820,phd,single,1,30,one_year,electronic_check,Yes,0,65.91,1796.45,3,0,1,0,0,0,0,1,1,8,2,4,1,6.7,70,672,1
CUST0000000355,25-11-2022 12:53,32,Female,20000,bachelor,married,0,5,one_year,credit_card,Yes,1,80.12,365.16,1,1,1,0,1,1,1,1,1,9,2,4,0,37.41,1,602,0
CUST0000000356,21-05-2021 12:53,49,Female,37683.76,bachelor,single,1,23,one_year,mailed_check,Yes,0,97.81,2219.45,2,1,1,1,1,1,1,0,1,6,0,0,2,31.05,4,702,0
CUST0000000357,24-04-2024 12:53,57,Male,43720.62,bachelor,married,1,3,one_year,mailed_check,Yes,0,66.36,184.25,2,0,1,1,1,0,1,0,0,5,0,1,0,14.69,186,670,0
CUST0000000358,04-06-2024 12:53,66,Female,190567.64,college,widowed,0,8,two_year,mailed_check,Yes,0,49.36,381.27,2,1,0,0,0,0,0,0,0,1,3,5,0,0,22,600,0
CUST0000000359,08-07-2021 12:53,48,Female,101743.65,master,divorced,1,10,one_year,electronic_check,No,0,98.21,891.37,3,1,0,0,0,0,0,0,0,1,0,2,0,,19,698,0
CUST0000000360,29-01-2022 12:53,42,Female,40373.96,college,single,0,12,one_year,electronic_check,Yes,0,43.12,495.04,1,0,0,0,0,0,0,1,0,3,0,3,0,0,11,761,0
CUST0000000361,27-01-2022 12:53,45,Male,48173.8,bachelor,married,1,65,two_year,electronic_check,Yes,0,46.48,3125.87,1,0,1,0,1,1,1,1,0,7,1,1,0,93.83,86,578,1
CUST0000000362,30-09-2025 12:53,61,Female,26732.18,college,married,0,1,one_year,credit_card,No,0,106.92,124.7149715,3,1,1,0,1,0,1,0,1,4,0,0,0,69.04,10,570,0
CUST0000000363,03-05-2025 12:53,56,Male,61775.67,bachelor,single,0,39,two_year,credit_card,No,0,115.22,4409.82,2,1,1,0,1,1,0,1,1,8,1,1,0,109.97,21,661,0
CUST0000000364,10-08-2022 12:53,44,Male,35383.39,bachelor,single,0,23,two_year,bank_transfer,Yes,1,59.18,1240.85,2,0,0,0,0,0,0,0,1,6,0,2,0,0,48,693,0
CUST0000000365,03-12-2022 12:53,18,Female,46347.5,college,married,1,41,two_year,bank_transfer,Yes,0,52.62,1396.25,3,1,0,0,0,0,0,0,0,8,0,0,0,,63,574,0
CUST0000000366,20-08-2024 12:53,18,Male,34984.58,bachelor,divorced,1,7,two_year,bank_transfer,Yes,1,101.14,463.66,2,1,1,0,0,0,0,0,0,6,0,1,0,10.96,31,669,0
CUST0000000367,07-12-2021 12:53,48,Male,28516.27,bachelor,married,0,1,one_year,credit_card,Yes,0,108.96,108.56,3,1,1,0,1,1,1,0,1,9,1,3,0,120.56,48,628,0
CUST0000000368,05-10-2025 12:53,27,Male,36731.5,master,married,2,1,one_year,credit_card,Yes,0,67.2,73.61,1,1,1,1,1,0,0,0,1,5,0,6,0,8.05,13,677,0
CUST0000000369,12-08-2025 12:53,37,Male,66704.02,bachelor,divorced,2,2,one_year,electronic_check,Yes,0,58.08,107.86,2,0,0,0,0,0,1,1,1,7,0,1,0,0,36,,0
CUST0000000370,13-07-2023 12:53,41,Male,113326.12,bachelor,married,0,4,one_year,mailed_check,Yes,1,103.46,426.01,3,1,1,1,0,1,1,0,1,9,0,1,0,67.99,11,655,0
CUST0000000371,18-08-2023 12:53,76,Female,20000,college,married,0,4,one_year,electronic_check,Yes,0,69.16,250.27,2,0,1,0,0,0,1,1,1,8,0,4,2,21.93,18,628,1
CUST0000000372,08-02-2025 12:53,46,Male,182439.75,college,married,0,28,two_year,electronic_check,Yes,0,82.27,2427.46,5,0,1,0,0,0,0,1,1,9,2,1,0,76.1,12,532,0
CUST0000000373,18-04-2021 12:53,55,Female,22213.26,college,married,0,26,two_year,electronic_check,Yes,0,85.92,2253.98,3,1,1,0,0,0,1,1,1,5,1,3,0,57.01,21,628,0
CUST0000000374,13-10-2023 12:53,52,Other,28733.15,master,married,1,1,two_year,electronic_check,Yes,0,74.34,80.76,1,1,1,0,0,1,1,0,0,7,1,1,0,14.29,79,769,0
CUST0000000375,13-10-2022 12:53,18,Male,121579.09,bachelor,single,0,19,two_year,electronic_check,Yes,0,77.71,1492.16,2,1,1,0,0,1,1,1,1,8,1,3,1,,28,679,0
CUST0000000376,04-04-2021 12:53,39,Male,20242.28,high_school,divorced,3,63,one_year,electronic_check,Yes,0,95.96,5858,3,0,1,0,0,1,1,1,1,8,0,2,1,19.35,3,696,0
CUST0000000377,31-05-2023 12:53,26,Male,29263.3,high_school,divorced,1,20,one_year,credit_card,Yes,0,89.13,1792.08,5,1,1,1,1,1,1,0,1,5,0,0,0,36.68,47,679,0
CUST0000000378,13-05-2021 12:53,70,Female,22341.81,high_school,married,0,13,two_year,bank_transfer,Yes,1,97.69,1191,1,1,1,0,0,1,1,0,1,7,0,0,0,42.35,11,677,1
CUST0000000379,04-08-2025 12:53,18,Male,25919.52,master,single,2,3,two_year,electronic_check,Yes,0,65.07,186.43,2,0,0,0,0,0,0,1,0,9,2,4,0,0,79,755,0
CUST0000000380,22-08-2021 12:53,38,Female,77520,bachelor,married,1,24,one_year,electronic_check,Yes,0,78.73,1994.05,2,1,1,1,1,0,1,0,0,2,1,3,1,,58,680,0
CUST0000000381,03-11-2023 12:53,41,Male,41323.2,bachelor,divorced,0,11,one_year,credit_card,Yes,0,94.9,1006.31,2,1,1,1,0,0,1,1,0,8,0,0,0,44.23,35,850,0
CUST0000000382,10-12-2024 12:53,30,Female,30598.42,master,married,0,8,one_year,bank_transfer,No,0,119.22,914.18,3,0,1,1,0,1,0,1,0,9,0,2,0,14.73,48,541,0
CUST0000000383,21-06-2022 12:53,46,Male,59366,bachelor,widowed,1,2,one_year,credit_card,Yes,0,67.7,146.23,2,1,1,1,0,0,1,0,1,5,0,1,1,99.87,176,742,0
CUST0000000384,19-10-2023 12:53,44,Male,95727.84,high_school,married,1,8,two_year,credit_card,Yes,0,97.47,712.55,2,1,1,0,0,1,1,1,0,4,2,1,0,12.56,5,678,0
CUST0000000385,06-11-2021 12:53,47,Female,61342.9,college,married,0,4,one_year,mailed_check,No,1,82.91,321.04,3,0,1,1,0,1,0,0,0,9,0,1,0,40.72,12,607,0
CUST0000000386,26-02-2022 12:53,52,Female,46916.37,high_school,single,2,10,two_year,bank_transfer,No,0,166.47,1542.53,6,1,1,0,0,1,1,1,1,6,0,2,1,33.08,10,677,0
CUST0000000387,10-11-2022 12:53,48,Female,237288.55,high_school,single,1,5,one_year,bank_transfer,Yes,0,94.35,451.12,3,1,1,0,0,1,1,0,0,6,1,3,0,87.48,24,626,0
CUST0000000388,11-09-2022 12:53,50,Female,84500.4,master,married,1,26,two_year,electronic_check,Yes,0,82.5,2090.13,2,0,1,1,0,1,0,1,1,5,1,1,0,21.59,26,682,0
CUST0000000389,07-12-2024 12:53,61,Female,125005.94,high_school,divorced,0,41,one_year,credit_card,No,1,73.71,3174.48,1,1,1,1,1,1,1,1,1,9,0,1,0,,14,669,0
CUST0000000390,12-04-2024 12:53,20,Female,32824.55,high_school,divorced,3,34,one_year,credit_card,Yes,0,94.64,3473.21,2,1,1,1,1,0,1,1,1,7,2,5,0,25.35,12,712,1
CUST0000000391,20-02-2023 12:53,55,Male,76249.36,bachelor,single,0,13,two_year,electronic_check,No,1,78.59,1123.68,3,0,0,0,0,0,0,1,0,7,1,1,0,0,2,592,0
CUST0000000392,24-02-2024 12:53,29,Male,89123.44,bachelor,single,1,6,two_year,bank_transfer,Yes,0,77.6,337.8,3,1,1,0,0,1,1,1,0,9,0,0,0,9.24,3,722,0
CUST0000000393,09-10-2024 12:53,35,Female,48705.35,high_school,married,1,20,two_year,credit_card,Yes,1,96.24,1292.58,1,0,1,1,0,1,1,1,0,7,0,0,0,111.45,1,639,0
CUST0000000394,02-06-2023 12:53,46,Female,93486.3,high_school,married,2,54,one_year,mailed_check,No,0,80.6,4312.2,3,1,1,0,1,0,1,0,0,9,1,3,0,28.84,38,639,0
CUST0000000395,29-09-2024 12:53,51,Female,100403.79,phd,single,1,32,two_year,electronic_check,No,0,72.89,2442.99,3,0,0,0,0,0,0,0,1,3,0,2,0,0,26,590,0
CUST0000000396,15-03-2022 12:53,52,Other,63334.96,bachelor,married,0,28,two_year,bank_transfer,Yes,0,113.27,2971.27,2,1,1,0,0,0,0,1,0,6,0,2,0,37.03,106,641,0
CUST0000000397,03-03-2023 12:53,30,Male,,phd,married,1,11,two_year,credit_card,Yes,0,68.39,722.69,4,1,1,1,0,1,1,1,1,7,0,0,0,81.72,93,629,0
CUST0000000398,24-12-2023 12:53,69,Male,22627.81,bachelor,married,0,4,one_year,bank_transfer,Yes,0,78.67,335.58,1,1,1,1,1,0,0,0,0,7,0,1,0,46.42,1,656,0
CUST0000000399,24-05-2021 12:53,38,Female,32415.47,college,married,1,4,two_year,credit_card,No,0,88.24,326.7,2,1,1,1,0,1,0,1,1,4,0,1,0,45.63,57,610,0
CUST0000000400,05-12-2025 12:53,34,Female,26695.6,college,married,1,72,one_year,credit_card,Yes,0,84.42,4659.86,4,1,1,0,0,0,1,0,1,9,2,2,0,48.35,18,850,0
CUST0000000401,27-05-2025 12:53,25,Female,20000,college,single,1,4,one_year,credit_card,Yes,0,148.35,607.04,6,0,1,1,1,0,1,0,0,6,0,0,0,73.9,98,816,0
CUST0000000402,25-03-2022 12:53,24,Male,29265.73,college,married,0,44,two_year,credit_card,Yes,0,102.97,4820.15,2,1,1,0,0,1,0,1,1,9,2,4,1,34.25,21,726,1
CUST0000000403,28-06-2024 12:53,24,Female,53654.13,phd,married,3,36,one_year,mailed_check,Yes,0,107.18,3864.26,4,1,1,1,1,1,0,0,0,5,0,0,0,8.15,44,818,0
CUST0000000404,31-10-2024 12:53,49,Male,137450.59,bachelor,married,1,19,two_year,electronic_check,Yes,0,115.87,2242.28,4,1,1,1,0,0,0,1,0,4,1,0,0,18.32,12,777,0
CUST0000000405,07-02-2021 12:53,54,Female,49143.85,high_school,married,1,58,two_year,mailed_check,Yes,0,120.9,6710.84,5,1,1,1,0,1,0,0,1,7,1,2,0,5.48,27,632,0
CUST0000000406,15-06-2022 12:53,32,Male,37798.65,master,married,1,59,one_year,credit_card,Yes,0,67.01,4188.55,4,1,1,1,0,0,1,1,0,5,0,2,0,61.99,11,701,0
CUST0000000407,16-12-2025 12:53,27,Female,55913.89,master,married,0,45,one_year,mailed_check,Yes,0,107.68,4669.44,4,0,1,1,0,0,0,1,1,6,2,3,0,44.63,7,682,0
CUST0000000408,31-05-2025 12:53,41,Female,72710.29,bachelor,married,1,4,two_year,credit_card,Yes,1,109.59,480.55,5,1,1,1,0,0,1,1,0,8,1,5,0,19.1,9,725,0
CUST0000000409,21-06-2022 12:53,46,Female,79344.27,high_school,divorced,0,9,one_year,electronic_check,Yes,0,83.9,737.72,3,1,1,0,0,1,1,1,1,,1,1,1,37.44,35,619,0
CUST0000000410,06-11-2023 12:53,48,Male,95741.65,high_school,married,2,16,two_year,bank_transfer,Yes,1,51.89,587.26,2,1,1,0,0,0,0,1,0,9,2,4,1,60.82,9,619,0
CUST0000000411,24-07-2021 12:53,30,Male,45126.88,college,married,0,12,one_year,electronic_check,Yes,0,53.9,433.31,1,1,0,0,0,0,0,0,1,9,1,2,1,0,147,475,0
CUST0000000412,03-04-2025 12:53,42,Male,56804.05,college,married,0,2,one_year,credit_card,Yes,0,78.13,155.4,2,1,1,0,1,0,1,1,1,8,2,1,0,28.98,2,682,1
CUST0000000413,17-08-2023 12:53,68,Female,55967.67,high_school,married,2,45,one_year,bank_transfer,Yes,0,91.95,3857.66,1,1,1,1,1,1,1,1,1,4,0,1,0,68.59,9,847,0
CUST0000000414,28-05-2023 12:53,27,Female,38963.7,high_school,married,0,8,two_year,credit_card,Yes,1,87.45,698.12,3,1,1,1,0,0,1,1,1,9,1,2,0,10.16,44,473,0
CUST0000000415,29-11-2021 12:53,44,Male,50026.1,college,single,1,9,two_year,credit_card,Yes,0,82.59,810.24,1,0,1,0,0,0,0,1,0,7,0,0,0,11.29,21,557,0
CUST0000000416,16-10-2024 12:53,52,Male,26854.46,master,married,0,35,one_year,credit_card,Yes,1,70.24,2432.41,1,1,1,1,0,1,0,1,0,5,1,1,0,10.78,15,632,0
CUST0000000417,29-03-2023 12:53,30,Male,123381.25,high_school,single,2,9,one_year,credit_card,Yes,0,86.14,848.99,1,1,1,0,1,1,1,0,1,4,0,2,0,37.66,39,472,0
CUST0000000418,19-10-2023 12:53,54,Male,42525.07,college,married,0,40,one_year,credit_card,Yes,0,72.72,3198.68,3,0,0,0,0,0,0,1,0,8,1,4,1,0,10,740,0
CUST0000000419,24-03-2024 12:53,24,Male,27749.6,bachelor,married,0,2,two_year,credit_card,Yes,0,92.03,122.57,1,1,1,1,0,0,0,0,1,5,3,6,0,76.84,34,727,1
CUST0000000420,25-10-2021 12:53,54,Female,20000,master,single,0,35,two_year,credit_card,Yes,0,127.78,4829.29,5,1,1,1,0,0,1,1,1,8,0,1,2,30.39,10,640,0
CUST0000000421,14-07-2024 12:53,45,Female,54272.15,high_school,married,0,10,one_year,bank_transfer,Yes,0,109.01,1175.8,2,1,1,1,1,1,0,0,1,6,0,1,0,190.84,24,673,1
CUST0000000422,14-09-2022 12:53,23,Male,42520.32,bachelor,single,1,7,one_year,credit_card,Yes,1,88.69,648.7,2,1,1,1,1,1,0,0,1,3,0,3,0,,51,770,0
CUST0000000423,04-02-2023 12:53,55,Female,67364.65,master,married,2,21,one_year,electronic_check,No,1,86.05,1852.73,2,1,1,0,0,0,1,1,0,9,0,2,0,29.75,36,684,0
CUST0000000424,29-10-2021 12:53,31,Female,78465.48,bachelor,married,0,8,month_to_month,bank_transfer,Yes,0,88.34,706.53,4,1,1,0,0,0,1,0,1,3,1,2,0,105.6,19,486,0
CUST0000000425,26-12-2025 12:53,42,Male,79564.99,high_school,single,1,24,one_year,electronic_check,Yes,0,91.36,2380.63,6,1,0,0,0,0,0,1,0,9,0,3,2,0,57,756,0
CUST0000000426,04-10-2022 12:53,54,Female,166606.26,phd,single,0,30,one_year,electronic_check,Yes,0,106.74,3374.39,3,1,1,0,1,0,1,0,1,9,0,3,2,26.68,15,669,0
CUST0000000427,17-08-2022 12:53,30,Male,72830.03,bachelor,divorced,3,53,one_year,credit_card,Yes,0,70.1,3746.37,5,1,0,0,0,0,0,1,1,3,0,2,0,0,58,679,1
CUST0000000428,07-08-2025 12:53,37,Male,80654.57,bachelor,single,0,9,two_year,bank_transfer,Yes,0,75.86,1028.151265,4,1,1,0,0,0,1,0,1,4,0,1,0,49.17,135,626,0
CUST0000000429,22-09-2024 12:53,61,Male,68482.49,bachelor,married,2,64,one_year,electronic_check,No,0,148.9,8685.82,4,1,1,0,1,0,0,0,1,5,0,1,0,27.47,1,775,0
CUST0000000430,07-02-2023 12:53,18,Male,92365.8,bachelor,single,2,72,one_year,electronic_check,Yes,0,103.5,7924.25,5,1,1,0,0,1,1,1,1,9,1,2,0,27.08,116,813,1
CUST0000000431,17-03-2022 12:53,66,Female,67514.63,high_school,married,1,20,one_year,mailed_check,Yes,0,111.25,2012.85,2,1,1,0,1,0,1,0,0,6,0,3,0,28.16,9,743,0
CUST0000000432,12-08-2024 12:53,23,Male,40634.02,master,married,1,11,one_year,electronic_check,Yes,0,86.44,606.95,4,1,1,1,0,1,1,0,0,2,1,3,0,65.12,58,,0
CUST0000000433,05-10-2025 12:53,34,Male,72297.47,high_school,married,3,72,two_year,credit_card,Yes,0,89.58,6771.63,2,1,1,0,1,0,0,1,1,4,1,0,0,13.83,3,768,0
CUST0000000434,10-03-2021 12:53,49,Male,178173.37,bachelor,married,1,39,two_year,credit_card,Yes,0,95.26,3563.91,2,1,1,1,0,0,0,1,1,8,0,1,0,24.96,53,405,0
CUST0000000435,16-02-2023 12:53,54,Male,56484.13,bachelor,divorced,0,19,two_year,electronic_check,No,1,62.54,1073.64,1,1,1,0,1,0,0,0,1,5,0,0,0,44.26,71,768,0
CUST0000000436,07-04-2025 12:53,49,Female,25566.92,college,single,0,27,one_year,mailed_check,Yes,0,55.65,1112.43,1,1,0,0,0,0,0,1,0,5,1,3,0,0,50,549,1
CUST0000000437,10-04-2022 12:53,45,Male,28451.09,high_school,single,0,43,one_year,bank_transfer,No,0,78.22,3641.27,1,1,1,1,0,0,0,0,0,7,1,1,0,14.53,107,563,0
CUST0000000438,02-09-2024 12:53,38,Male,37617.37,bachelor,married,1,8,two_year,credit_card,Yes,1,59.15,437.08,2,1,0,0,0,0,0,1,0,6,1,0,0,0,5,624,0
CUST0000000439,16-03-2025 12:53,68,Female,36635.18,bachelor,married,0,3,one_year,bank_transfer,Yes,0,51.79,166.03,1,0,0,0,0,0,0,1,1,9,1,2,1,0,11,603,0
CUST0000000440,15-07-2025 12:53,56,Male,26888.81,master,married,1,17,one_year,electronic_check,Yes,0,50.54,826.07,1,1,0,0,0,0,1,1,0,7,1,3,0,0,29,608,0
CUST0000000441,15-05-2024 12:53,62,Male,68263.56,bachelor,married,1,14,two_year,bank_transfer,Yes,0,77.51,1015.58,4,1,1,1,1,0,0,1,0,8,0,1,1,36.51,15,679,1
CUST0000000442,16-12-2022 12:53,38,Female,45821.11,bachelor,married,2,5,one_year,electronic_check,Yes,0,50.67,178.88,1,1,0,0,0,0,1,0,1,9,1,4,0,0,3,532,0
CUST0000000443,12-02-2024 12:53,18,Male,37744,master,single,1,12,two_year,bank_transfer,No,1,52.62,581.69,1,0,1,0,1,0,0,1,1,9,0,2,0,29.11,26,712,0
CUST0000000444,25-04-2023 12:53,60,Male,42872.57,high_school,single,0,16,one_year,bank_transfer,No,0,53.69,864.57,2,0,0,0,0,0,0,1,1,8,0,2,1,0,122,649,0
CUST0000000445,29-11-2022 12:53,50,Female,105245.58,college,divorced,0,16,one_year,bank_transfer,Yes,0,43.03,704.98,1,1,0,0,0,0,0,0,0,,0,0,1,0,108,589,1
CUST0000000446,05-07-2025 12:53,47,Female,58124.2,bachelor,married,1,19,one_year,credit_card,Yes,0,106.81,2089.61,2,1,1,0,0,1,1,1,1,6,2,3,1,12.88,26,742,0
CUST0000000447,04-05-2025 12:53,36,Male,69241.98,high_school,married,2,16,one_year,credit_card,No,0,83.48,919.55,2,0,1,1,0,0,0,1,0,7,2,4,1,19.82,4,508,0
CUST0000000448,07-05-2023 12:53,39,Male,103644.13,high_school,married,2,42,one_year,credit_card,No,0,87.92,3444.12,1,1,1,0,1,1,0,0,0,4,0,1,0,126.89,100,774,0
CUST0000000449,29-06-2023 12:53,36,Female,73687.86,college,single,3,1,one_year,electronic_check,Yes,1,44.51,47.7,3,0,0,0,0,0,0,1,0,7,2,1,1,0,7,651,0
CUST0000000450,15-10-2022 12:53,45,Male,56520.73,bachelor,married,1,72,two_year,credit_card,Yes,0,95.52,7269.21,1,1,1,0,0,0,1,0,1,1,1,4,0,10.1,2,615,0
CUST0000000451,12-07-2022 12:53,27,Female,40827.47,college,married,0,2,one_year,bank_transfer,No,0,91.3,195.94,3,1,1,0,1,0,1,1,0,7,1,1,0,16.47,21,,0
CUST0000000452,06-05-2022 12:53,56,Male,63266.4,college,married,0,1,two_year,credit_card,Yes,1,106.01,101.61,4,1,1,0,1,0,1,1,0,8,0,1,1,21.97,6,519,0
CUST0000000453,06-09-2025 12:53,75,Female,49882.02,college,married,3,72,one_year,bank_transfer,Yes,0,75.16,3688.4,2,1,1,0,1,0,0,1,0,8,1,4,1,33.12,48,,0
CUST0000000454,25-12-2025 12:53,36,Female,46927.93,bachelor,married,2,47,one_year,credit_card,Yes,0,100.96,4893.74,5,1,1,0,0,1,0,0,0,4,2,6,0,96.65,71,760,0
CUST0000000455,21-01-2021 12:53,21,Female,60174.59,bachelor,married,0,72,one_year,bank_transfer,Yes,1,78.43,5131.45,4,0,1,0,1,1,0,1,0,7,1,3,0,113.96,29,708,0
CUST0000000456,20-03-2021 12:53,43,Male,44381.34,phd,divorced,0,72,one_year,electronic_check,Yes,0,105.24,8087.46,2,1,1,0,1,1,0,0,0,4,1,4,0,17.18,226,751,0
CUST0000000457,25-06-2024 12:53,49,Female,65071.8,high_school,single,0,21,one_year,electronic_check,Yes,1,68.69,1545.87,3,0,1,0,0,0,1,1,0,5,0,2,0,17.58,72,827,0
CUST0000000458,21-06-2024 12:53,51,Female,54944.73,bachelor,divorced,2,19,one_year,credit_card,No,0,86.79,1652.65,2,1,1,1,1,1,0,1,1,6,0,1,0,80.31,87,630,0
CUST0000000459,06-05-2022 12:53,69,Female,106097.21,high_school,single,0,7,one_year,bank_transfer,Yes,1,103.52,485.65,6,1,1,0,0,1,1,1,0,8,0,1,0,45.04,84,,0
CUST0000000460,26-02-2024 12:53,57,Female,32231.49,master,married,0,3,one_year,bank_transfer,No,0,49.85,136.14,2,1,0,0,0,0,0,1,1,7,1,2,0,0,88,686,0
CUST0000000461,22-01-2021 12:53,18,Male,20000,high_school,married,1,39,one_year,bank_transfer,Yes,0,102.29,4197.54,3,0,1,1,1,0,1,0,1,8,0,0,1,100.93,18,531,0
CUST0000000462,26-04-2024 12:53,26,Female,27814.82,bachelor,single,0,27,one_year,credit_card,Yes,0,68.52,1845,5,1,1,0,0,1,0,1,0,9,1,5,2,34.75,51,718,0
CUST0000000463,10-06-2022 12:53,51,Female,49994.42,master,single,1,5,one_year,credit_card,Yes,0,96.7,517.83,6,1,1,1,0,1,1,1,1,2,1,3,2,78.5,176,771,0
CUST0000000464,11-09-2023 12:53,38,Male,97266.23,phd,married,0,52,two_year,credit_card,Yes,0,109.43,5604.76,4,1,1,1,1,0,1,0,1,2,0,3,1,26.8,28,,0
CUST0000000465,31-05-2021 12:53,67,Female,38862.64,college,married,2,17,one_year,bank_transfer,Yes,0,88.08,1476.44,1,0,1,0,1,0,0,1,1,5,0,2,0,17.19,12,801,0
CUST0000000466,26-05-2023 12:53,30,Male,70389.45,bachelor,single,1,5,two_year,mailed_check,No,0,57.1,286.42,3,1,0,0,0,0,0,1,0,5,4,4,0,0,72,730,0
CUST0000000467,24-06-2021 12:53,59,Male,50733.8,bachelor,married,2,16,two_year,electronic_check,Yes,0,78.32,1236.28,3,1,1,0,0,0,1,1,0,1,2,4,0,18.31,38,680,0
CUST0000000468,10-08-2025 12:53,35,Female,29952.38,college,married,1,2,two_year,bank_transfer,No,0,81.03,173.59,2,0,1,1,0,1,0,1,0,5,1,2,1,101.17,10,743,0
CUST0000000469,09-09-2024 12:53,48,Female,58475.06,college,married,1,22,one_year,electronic_check,Yes,0,59.99,1358.37,1,1,1,0,0,0,1,1,1,1,0,2,0,130.4,7,636,0
CUST0000000470,04-03-2022 12:53,32,Female,57895.83,bachelor,single,2,40,two_year,mailed_check,Yes,1,87.93,3847.22,4,0,1,0,1,0,0,1,1,3,1,4,1,71.35,11,805,0
CUST0000000471,19-11-2023 12:53,53,Male,40540.04,bachelor,married,1,6,one_year,mailed_check,Yes,0,93.74,357.32,5,0,0,0,0,0,0,1,1,8,3,7,1,0,9,628,1
CUST0000000472,11-12-2022 12:53,61,Female,25376.01,master,single,0,19,two_year,electronic_check,Yes,0,74.61,1283.55,2,1,1,0,0,0,1,0,1,9,1,2,0,35.8,19,571,0
CUST0000000473,25-02-2022 12:53,48,Female,26313.81,phd,single,1,4,one_year,electronic_check,Yes,0,111.6,461.94,5,1,1,0,1,0,1,1,0,8,0,1,1,8.83,4,,0
CUST0000000474,11-05-2025 12:53,73,Male,46392.97,master,married,0,37,month_to_month,electronic_check,Yes,0,95.98,3832.62,2,0,1,0,1,0,1,0,1,3,1,1,0,48.9,11,756,0
CUST0000000475,30-09-2022 12:53,34,Female,26536.38,bachelor,married,2,8,two_year,bank_transfer,Yes,0,89.15,648.84,1,1,1,1,0,1,1,1,1,8,0,1,0,12.82,1,,0
CUST0000000476,14-02-2023 12:53,46,Female,46869.79,bachelor,single,0,72,two_year,bank_transfer,Yes,0,83.76,5565.66,2,1,1,0,1,1,0,1,1,2,0,0,3,25.92,1,706,1
CUST0000000477,03-12-2021 12:53,57,Male,35207.55,master,single,0,20,two_year,mailed_check,Yes,0,86.83,1757.59,1,1,1,1,1,0,1,1,1,4,0,2,1,19.46,21,625,0
CUST0000000478,12-05-2021 12:53,30,Male,28957.32,high_school,married,0,12,two_year,credit_card,Yes,0,93.17,1126.78,1,1,1,1,1,0,0,0,0,7,2,3,0,83.78,23,568,0
CUST0000000479,15-12-2023 12:53,45,Female,54291.07,college,divorced,0,20,two_year,bank_transfer,No,0,74.02,993.14,1,1,1,0,1,0,1,1,0,4,0,1,0,,80,639,0
CUST0000000480,23-07-2024 12:53,54,Female,31275.92,bachelor,married,0,1,one_year,credit_card,No,0,112.53,119.43,2,1,1,0,0,0,1,1,0,1,1,1,0,27.33,34,682,1
CUST0000000481,06-07-2023 12:53,58,Female,107723.2,college,married,0,38,two_year,bank_transfer,No,0,100.25,3893.09,4,1,1,1,1,1,1,1,0,4,3,2,1,9.5,1,731,0
CUST0000000482,30-11-2024 12:53,62,Male,28223.03,college,single,2,22,two_year,bank_transfer,Yes,0,88.34,1791.84,1,1,1,1,0,0,1,1,1,8,,4,0,36.64,110,517,0
CUST0000000483,05-08-2024 12:53,31,Female,37919.9,college,married,1,57,one_year,electronic_check,Yes,0,85.52,3417.04,2,1,1,0,0,0,1,1,1,9,2,6,0,21.56,7,743,0
CUST0000000484,07-10-2023 12:53,49,Male,25835.46,bachelor,married,1,71,one_year,credit_card,Yes,1,104.23,6762.48,6,1,1,0,1,0,1,1,0,9,1,2,2,42.79,46,736,1
CUST0000000485,04-11-2021 12:53,25,Female,29045.94,college,married,0,39,two_year,bank_transfer,Yes,1,95.19,4053.77,3,1,1,0,1,0,1,0,1,8,0,2,0,12.29,192,709,0
CUST0000000486,24-07-2023 12:53,34,Male,74846.09,high_school,married,2,1,one_year,credit_card,No,0,94.88,98.25,1,1,1,0,0,0,0,1,0,8,1,5,1,11.32,30,826,0
CUST0000000487,07-12-2025 12:53,42,Male,31213.26,bachelor,married,1,72,one_year,credit_card,Yes,0,134.45,9094.97,5,1,1,1,1,0,0,0,0,9,2,1,1,45.71,10,667,0
CUST0000000488,27-02-2024 12:53,62,Female,27922.93,bachelor,single,0,32,two_year,credit_card,Yes,0,99.51,2072.4,5,1,1,0,0,0,0,1,0,7,2,0,0,56.29,53,700,0
CUST0000000489,23-12-2025 12:53,52,Male,21740.7,phd,married,1,31,two_year,credit_card,Yes,1,88.58,2522.63,2,1,1,1,0,0,1,0,0,8,2,1,0,,7,829,0
CUST0000000490,25-02-2025 12:53,45,Male,96472.7,college,married,0,11,two_year,credit_card,No,1,103.29,1141.49,2,1,1,0,1,0,1,1,1,2,1,0,0,119.82,23,781,0
CUST0000000491,07-02-2021 12:53,51,Female,56481.25,high_school,married,0,1,two_year,credit_card,Yes,0,76.22,69.88,1,1,1,1,1,1,0,0,1,2,1,2,0,23.65,17,625,0
CUST0000000492,18-08-2024 12:53,52,Male,30417.73,high_school,single,2,15,one_year,bank_transfer,No,0,64.64,879.49,2,0,1,0,1,0,0,0,0,8,0,1,0,45.77,15,664,0
CUST0000000493,08-12-2024 12:53,50,Female,32414.15,bachelor,married,0,1,two_year,bank_transfer,Yes,0,80.61,54.34,1,1,1,1,1,0,1,0,1,4,1,1,0,20.46,40,726,0
CUST0000000494,29-03-2024 12:53,36,Male,47534.02,high_school,divorced,2,20,two_year,electronic_check,Yes,1,88.75,1751.28,2,1,1,1,1,0,1,0,0,1,1,2,0,19.99,64,758,0
CUST0000000495,16-05-2023 12:53,30,Male,49273.12,college,divorced,2,36,two_year,credit_card,Yes,0,57.03,1367.75,2,1,0,0,0,0,0,1,1,4,1,1,0,0,1,573,0
CUST0000000496,28-09-2024 12:53,41,Male,79764.16,college,married,2,15,two_year,credit_card,No,1,85.41,888.42,1,1,1,1,0,0,1,1,0,6,1,1,1,29.52,37,850,0
CUST0000000497,02-11-2022 12:53,33,Female,64658.44,bachelor,married,0,16,one_year,bank_transfer,Yes,1,123.76,2006.78,6,1,1,0,0,1,1,0,1,2,0,0,0,29.32,5,763,0
CUST0000000498,23-12-2022 12:53,54,Male,20000,master,single,0,8,one_year,credit_card,Yes,0,132.19,976.31,4,0,1,0,0,0,1,0,1,7,0,0,0,7.34,164,605,0
CUST0000000499,05-04-2022 12:53,67,Female,76055.11,high_school,single,2,1,one_year,mailed_check,Yes,0,66.38,45.53,2,1,1,1,1,1,1,1,1,7,,2,0,7.82,34,695,0
CUST0000000500,01-10-2023 12:53,53,Female,62492.55,bachelor,single,1,15,two_year,mailed_check,Yes,0,82.77,1232.61,2,1,1,0,1,1,0,1,0,5,0,1,0,161.78,11,717,0
CUST0000000501,14-01-2021 12:53,18,Female,86948.07,college,single,0,32,one_year,electronic_check,No,0,133.28,4047.99,3,1,1,0,1,0,1,1,0,9,3,3,1,6.02,8,723,0
CUST0000000502,16-01-2024 12:53,35,Male,149974.39,master,married,1,1,one_year,credit_card,Yes,0,130.46,119.7,3,1,1,0,0,1,0,1,0,8,1,0,0,12.82,83,730,0
CUST0000000503,11-09-2023 12:53,45,Female,20000,master,divorced,0,45,two_year,credit_card,No,0,87.65,3588.08,2,1,1,0,1,1,0,1,1,9,0,1,0,59.24,76,780,0
CUST0000000504,22-11-2025 12:53,23,Male,104331.6,phd,single,1,7,two_year,credit_card,Yes,0,87.26,630.52,2,0,1,0,0,1,0,1,0,1,1,0,1,24.2,126,609,0
CUST0000000505,29-05-2021 12:53,45,Male,23439.68,bachelor,single,1,14,two_year,bank_transfer,Yes,0,90.53,1236.86,3,0,1,1,0,0,0,1,1,9,1,7,1,17.41,15,693,0
CUST0000000506,26-04-2021 12:53,52,Other,55849.77,phd,single,1,16,one_year,credit_card,Yes,0,57.83,618.61,2,1,1,0,0,0,0,0,1,5,3,2,0,10.21,1,718,0
CUST0000000507,16-06-2024 12:53,66,Male,92752.36,bachelor,single,0,5,two_year,electronic_check,No,0,108.68,509.71,3,1,1,0,1,1,0,0,1,2,1,3,0,31.17,232,630,0
CUST0000000508,16-09-2022 12:53,72,Male,26202.59,high_school,divorced,0,1,one_year,credit_card,Yes,0,93.4,88.87,2,1,1,0,1,1,1,0,1,9,0,0,1,45.8,59,692,0
CUST0000000509,20-11-2022 12:53,27,Female,52877.88,high_school,married,0,14,two_year,credit_card,Yes,0,46.63,713.04,1,0,0,0,0,0,0,1,0,9,0,1,0,0,87,683,0
CUST0000000510,15-08-2025 12:53,43,Male,64257.9,bachelor,married,0,6,two_year,credit_card,Yes,0,78.22,473.13,3,1,1,1,0,0,0,1,1,8,0,1,0,22.87,52,622,0
CUST0000000511,04-03-2025 12:53,43,Male,32893.89,college,divorced,0,72,two_year,credit_card,Yes,0,93.67,7175.57,4,1,1,0,0,0,1,0,1,9,2,1,0,22.49,36,751,0
CUST0000000513,17-04-2022 12:53,46,Male,100451.68,bachelor,single,0,28,two_year,electronic_check,No,1,92.61,2424.3,2,0,1,0,1,0,1,0,0,3,0,0,0,23.58,40,,0
CUST0000000514,13-03-2025 12:53,43,Female,43778.46,college,divorced,0,41,two_year,mailed_check,Yes,0,92.78,4076.89,2,1,1,0,0,0,0,0,0,8,1,0,0,20.91,74,744,0
CUST0000000515,02-05-2021 12:53,54,Female,58780.38,high_school,married,0,18,one_year,electronic_check,Yes,0,109.66,1798.37,3,1,1,0,1,1,1,0,1,8,0,2,0,54.37,7,705,0
CUST0000000516,01-03-2024 12:53,65,Other,60873.45,college,married,2,10,two_year,credit_card,Yes,0,82.45,524.27,1,1,1,0,0,0,0,1,1,3,3,7,0,28.59,57,754,0
CUST0000000517,27-09-2023 12:53,46,Female,42981.7,college,single,0,1,two_year,mailed_check,Yes,0,75.7,48.58,2,1,1,0,0,1,1,1,0,9,0,1,0,121.98,29,500,0
CUST0000000518,31-01-2021 12:53,37,Female,26013.81,college,married,1,21,one_year,mailed_check,Yes,0,60.49,1297.5,6,1,0,0,0,0,0,1,0,7,3,1,0,0,9,703,1
CUST0000000519,30-01-2023 12:53,29,Female,30192.12,master,married,0,41,one_year,bank_transfer,Yes,0,95.53,4299.03,3,1,1,1,0,0,1,0,1,9,2,2,0,40.16,6,627,0
CUST0000000520,15-04-2023 12:53,75,Female,,college,single,0,5,one_year,mailed_check,Yes,0,110.11,577.13,6,1,1,1,1,0,1,1,1,5,1,1,1,82.4,32,559,0
CUST0000000521,25-10-2024 12:53,58,Female,33228.43,master,single,0,3,one_year,credit_card,No,1,95.72,259.67,5,0,1,1,1,0,1,0,0,7,0,2,0,44.8,14,736,0
CUST0000000522,09-05-2024 12:53,50,Female,45011.3,master,married,1,22,one_year,bank_transfer,Yes,0,88.73,1468.98,4,0,0,0,0,0,0,1,1,8,2,4,0,0,16,,0
CUST0000000523,25-04-2023 12:53,42,Male,93806.12,high_school,married,0,18,month_to_month,electronic_check,No,0,68.11,914.6,2,1,1,0,0,0,1,0,1,9,1,1,0,106.67,18,660,0
CUST0000000524,23-04-2025 12:53,69,Male,38457.23,bachelor,married,1,3,two_year,mailed_check,Yes,0,61.66,187.53,1,0,1,0,0,1,1,1,1,7,0,1,0,16.66,88,559,0
CUST0000000525,31-01-2023 12:53,42,Male,34098.14,college,married,1,20,one_year,bank_transfer,Yes,1,87.68,1745.95,4,1,1,1,1,0,0,1,0,8,0,1,0,105.32,131,571,0
CUST0000000526,30-08-2021 12:53,19,Female,33345.56,phd,widowed,0,24,two_year,credit_card,Yes,0,80.13,1244.39,2,0,1,1,0,0,0,0,0,1,2,3,0,17.05,93,,0
CUST0000000527,14-04-2023 12:53,48,Male,22828.26,high_school,single,1,5,two_year,electronic_check,Yes,0,97.33,524.64,3,0,1,1,0,0,1,1,1,8,1,2,0,32.53,2,596,0
CUST0000000528,13-07-2021 12:53,26,Male,67714.1,college,single,0,26,two_year,credit_card,No,1,38.86,978.81,1,1,0,0,0,0,0,0,1,6,1,1,0,0,6,509,0
CUST0000000529,07-01-2026 12:53,49,Female,21980.74,college,married,2,32,two_year,credit_card,No,0,119.46,3697.9,1,1,1,1,1,1,0,0,1,7,2,4,1,75.22,276,583,1
CUST0000000530,12-12-2022 12:53,65,Male,56213.82,bachelor,divorced,1,5,one_year,mailed_check,No,0,105.38,538.54,3,1,1,0,0,1,1,0,0,9,0,3,3,34.55,142,756,0
CUST0000000531,10-09-2022 12:53,19,Male,73870.09,college,married,3,6,one_year,bank_transfer,Yes,0,86.08,549.47,4,1,1,0,0,0,0,1,1,6,1,0,0,44.48,11,801,0
CUST0000000532,30-11-2023 12:53,31,Male,51146.09,high_school,single,2,33,two_year,electronic_check,Yes,0,75.65,2713.3,4,0,0,0,0,0,0,0,1,7,0,0,0,,16,712,0
CUST0000000533,19-08-2023 12:53,57,Female,42173.88,bachelor,single,3,2,one_year,mailed_check,No,0,81.01,152.93,2,1,1,1,1,1,0,1,1,9,3,2,1,,29,484,1
CUST0000000534,26-04-2023 12:53,37,Male,25566.11,high_school,married,2,12,one_year,mailed_check,No,0,101.39,1251.85,3,1,1,1,0,1,1,0,1,5,0,0,0,,12,754,0
CUST0000000535,12-08-2023 12:53,51,Male,87750.05,college,divorced,0,39,one_year,mailed_check,Yes,0,105.33,3751.77,2,1,1,0,0,0,1,0,0,6,0,2,1,24.42,64,571,1
CUST0000000536,09-04-2022 12:53,51,Male,101480.57,bachelor,married,0,9,two_year,electronic_check,Yes,1,94.39,880.96,4,1,1,1,1,0,0,0,1,7,0,3,0,90.79,60,784,0
CUST0000000537,26-11-2025 12:53,58,Female,66484.57,college,married,1,3,one_year,mailed_check,Yes,0,80.46,157.96,2,1,1,0,0,1,1,0,1,9,1,2,1,40.13,133,584,0
CUST0000000538,29-08-2023 12:53,35,Other,72404.03,bachelor,divorced,0,11,two_year,electronic_check,Yes,0,54.49,573.42,2,1,1,0,1,1,1,1,0,5,0,3,0,10.11,68,652,0
CUST0000000539,12-10-2023 12:53,18,Male,41412.67,high_school,married,1,15,two_year,electronic_check,Yes,0,59.09,836.07,4,1,1,0,1,0,0,0,0,9,0,0,2,8.9,1,850,0
CUST0000000540,21-06-2023 12:53,50,Female,62450.88,high_school,single,0,5,one_year,credit_card,Yes,0,137.9,683.24,3,0,1,1,1,0,0,0,1,4,0,0,0,30.18,3,658,0
CUST0000000541,27-03-2024 12:53,21,Female,38829.95,master,single,0,1,two_year,bank_transfer,Yes,0,96.46,97.59,2,1,1,1,1,0,0,1,1,6,2,0,0,17.04,28,710,0
CUST0000000542,18-04-2025 12:53,59,Female,31533.31,college,married,0,10,two_year,electronic_check,Yes,0,82.58,784.11,5,1,1,0,0,1,0,1,0,4,2,5,1,24.02,21,750,0
CUST0000000543,07-01-2025 12:53,44,Male,30076.12,high_school,married,1,3,one_year,electronic_check,No,1,99.98,310.23,3,0,1,0,0,1,0,1,1,6,1,0,0,198.17,1,763,0
CUST0000000544,16-04-2024 12:53,40,Female,61175.63,high_school,married,1,4,month_to_month,bank_transfer,Yes,0,82.46,227.14,1,1,1,0,1,0,1,1,1,4,0,0,0,51.37,20,,1
CUST0000000545,09-12-2022 12:53,55,Male,20000,bachelor,married,0,36,two_year,credit_card,Yes,0,104.46,3712.04,6,1,1,0,0,0,0,1,1,5,1,1,0,49.42,35,695,0
CUST0000000546,24-05-2021 12:53,18,Female,27196.03,bachelor,widowed,0,13,one_year,electronic_check,No,0,99.38,1202.55,1,1,1,1,0,1,1,1,1,6,0,0,1,17.99,3,734,0
CUST0000000547,04-06-2021 12:53,41,Male,84219.07,bachelor,married,0,6,two_year,credit_card,No,1,120.02,754.3,5,0,1,1,1,1,0,0,1,5,,4,0,66.31,36,730,0
CUST0000000548,26-03-2024 12:53,51,Female,88218.83,master,single,0,7,two_year,credit_card,No,1,68.87,363.7,3,1,1,1,0,1,1,0,1,9,0,0,1,18.06,182,503,0
CUST0000000549,14-09-2025 12:53,48,Male,52337.93,bachelor,single,1,24,one_year,mailed_check,Yes,1,63.95,996.04,2,1,1,1,0,0,0,0,1,8,0,2,1,48.54,5,620,0
CUST0000000550,04-10-2023 12:53,37,Female,20000,high_school,married,1,61,one_year,electronic_check,Yes,0,26.3,1521.13,1,1,0,0,0,0,1,1,0,9,0,0,1,0,1,814,0
CUST0000000551,27-01-2021 12:53,37,Male,22756.72,master,single,0,72,two_year,bank_transfer,Yes,0,106.17,7535.17,4,1,1,1,0,0,0,1,0,9,0,1,0,24.23,58,714,1
CUST0000000552,29-07-2021 12:53,68,Male,33947.25,master,married,1,15,two_year,bank_transfer,Yes,0,70.32,1008.02,2,1,1,1,0,1,1,1,0,5,0,3,1,8.1,34,850,0
CUST0000000553,26-01-2023 12:53,58,Female,55501.24,high_school,married,0,20,two_year,credit_card,Yes,0,61.8,1180.99,2,1,1,0,0,1,1,1,0,7,0,1,1,18.88,150,625,0
CUST0000000554,13-04-2022 12:53,35,Female,20000,college,divorced,0,1,one_year,bank_transfer,Yes,1,75.44,53.45,1,1,1,1,0,0,1,1,1,6,1,2,0,115.65,13,629,0
CUST0000000555,02-01-2024 12:53,65,Female,73625.34,master,married,2,72,one_year,mailed_check,Yes,0,73.99,5482.71,3,1,0,0,0,0,0,0,0,8,0,0,1,0,17,605,0
CUST0000000556,06-12-2021 12:53,56,Female,56435.72,high_school,married,1,72,one_year,bank_transfer,Yes,1,42.45,3145.02,1,1,0,0,0,0,0,1,0,6,3,3,0,0,71,596,0
CUST0000000557,17-09-2025 12:53,52,Female,24554.55,high_school,married,0,6,two_year,mailed_check,No,0,132.85,516.18,4,1,1,1,1,1,1,1,1,7,0,3,0,85.34,7,674,0
CUST0000000558,13-11-2023 12:53,52,Male,20000,high_school,married,1,27,one_year,credit_card,Yes,0,25.17,647.44,1,1,0,0,0,0,0,1,0,8,0,3,1,0,10,434,0
CUST0000000559,18-11-2022 12:53,27,Other,96409.17,high_school,divorced,1,32,two_year,mailed_check,Yes,0,83.53,2936.55,1,1,1,0,0,0,1,1,0,7,0,0,1,42.1,36,623,0
CUST0000000560,25-02-2022 12:53,67,Male,60756.98,high_school,divorced,0,28,one_year,credit_card,No,0,70.39,2042.9,1,1,1,1,1,0,0,1,1,7,0,0,0,38.52,53,719,0
CUST0000000561,05-04-2023 12:53,59,Female,32124.97,bachelor,married,0,19,two_year,bank_transfer,No,0,73.77,1296.05,2,1,1,0,0,1,0,1,1,1,1,3,1,17.33,41,743,0
CUST0000000562,22-06-2021 12:53,48,Male,43815.76,bachelor,married,1,16,one_year,mailed_check,No,0,86.44,1351.21,1,1,1,0,0,0,1,1,0,3,0,5,0,10.25,27,488,1
CUST0000000563,26-01-2023 12:53,48,Female,62061.37,bachelor,single,2,13,one_year,credit_card,Yes,0,87.84,1036.95,3,0,1,1,1,0,1,1,1,9,1,1,0,14.91,14,602,1
CUST0000000564,18-04-2024 12:53,43,Male,41119.79,college,single,0,20,one_year,mailed_check,No,0,116.97,2568.81,3,1,1,1,0,0,0,1,0,4,0,0,1,131.35,81,598,0
CUST0000000565,17-08-2024 12:53,36,Male,55281.82,bachelor,married,1,28,two_year,electronic_check,Yes,0,105.69,2201.07,3,1,1,0,0,1,0,1,0,6,1,1,2,,8,772,0
CUST0000000566,04-03-2021 12:53,53,Male,72652.43,high_school,married,1,35,one_year,bank_transfer,No,0,81.93,2093.8,3,1,1,0,0,1,0,1,1,3,1,3,0,54.73,14,516,0
CUST0000000567,02-11-2023 12:53,33,Male,25986.99,master,married,2,25,one_year,credit_card,Yes,0,95.34,2260.33,1,1,1,1,1,1,0,1,0,3,2,1,0,4.09,40,592,0
CUST0000000568,19-12-2022 12:53,47,Male,51246.54,college,married,0,4,one_year,credit_card,No,0,94.38,413.8,2,1,1,0,1,1,0,1,0,9,2,7,2,21.31,8,674,1
CUST0000000569,25-06-2021 12:53,46,Female,102007.96,bachelor,married,0,44,one_year,bank_transfer,Yes,0,63.96,2906.6,1,1,1,1,1,1,1,1,1,5,0,2,0,47.57,4,588,0
CUST0000000570,27-11-2022 12:53,50,Female,58737.5,bachelor,divorced,0,9,two_year,credit_card,Yes,1,73.98,676.45,4,0,0,0,0,0,1,1,0,9,0,0,1,0,5,520,0
CUST0000000571,01-07-2024 12:53,59,Female,30898.22,college,married,0,7,one_year,credit_card,No,0,66.3,454.93,2,1,0,0,0,0,1,1,0,4,0,1,0,0,21,644,0
CUST0000000572,01-08-2021 12:53,51,Male,71114.6,high_school,married,1,7,one_year,credit_card,No,0,56.98,373.35,1,0,0,0,0,0,1,1,0,9,0,2,0,0,55,752,0
CUST0000000573,11-09-2024 12:53,55,Male,22959.41,college,married,1,16,one_year,credit_card,Yes,0,78.77,1167.51,1,1,1,0,1,0,1,1,0,9,2,6,0,26.64,4,672,1
CUST0000000574,31-07-2022 12:53,18,Male,80809.47,college,married,2,29,one_year,credit_card,Yes,0,100.63,2656.42,5,1,1,0,0,0,1,1,1,8,0,0,0,59.42,58,642,0
CUST0000000575,30-07-2023 12:53,51,Male,27016.73,bachelor,married,0,34,two_year,credit_card,Yes,0,49.07,1587.04,2,1,1,0,1,1,0,1,0,9,0,1,0,23.52,221,605,0
CUST0000000576,26-06-2022 12:53,46,Female,72088.99,bachelor,single,0,29,one_year,bank_transfer,Yes,0,68.43,2096.61,3,1,1,1,0,0,0,0,0,7,2,3,0,24.16,20,735,0
CUST0000000577,17-09-2022 12:53,50,Female,95739.52,master,married,2,1,one_year,electronic_check,Yes,0,73.71,73.49,2,1,1,1,1,0,1,1,1,5,0,1,3,11.04,42,589,0
CUST0000000578,08-02-2024 12:53,37,Male,52360.97,high_school,married,0,10,two_year,electronic_check,Yes,0,57.91,401.62,1,1,1,1,0,0,0,1,1,7,1,1,0,102.31,52,802,0
CUST0000000579,02-01-2022 12:53,62,Male,26300.95,high_school,divorced,2,29,two_year,bank_transfer,Yes,0,102.91,2911.44,4,1,1,1,1,0,0,1,1,8,0,0,3,49.7,29,464,0
CUST0000000580,10-06-2024 12:53,48,Male,50563.06,master,married,1,19,two_year,credit_card,No,0,96.98,1668.74,4,1,1,1,0,0,1,1,0,3,1,1,1,33.03,48,602,0
CUST0000000581,14-11-2023 12:53,33,Female,54041.7,high_school,married,3,69,two_year,bank_transfer,Yes,0,37.12,2771.59,1,1,1,1,0,0,0,1,0,7,0,0,0,27.55,14,812,0
CUST0000000582,04-09-2023 12:53,36,Male,57094.89,bachelor,single,3,26,one_year,bank_transfer,Yes,0,58.88,1532.17,1,1,1,0,1,0,0,0,1,7,1,2,2,14.89,67,662,0
CUST0000000583,10-05-2025 12:53,58,Female,94048.69,bachelor,divorced,2,62,one_year,mailed_check,Yes,0,93.43,6132.95,4,1,1,1,1,0,1,0,1,6,0,1,0,25.93,19,613,0
CUST0000000584,08-01-2023 12:53,43,Female,73254.82,bachelor,divorced,2,7,one_year,electronic_check,Yes,0,63.72,404.31,2,1,0,0,0,0,0,1,1,7,0,0,0,0,130,,0
CUST0000000585,11-08-2025 12:53,44,Male,20000,phd,single,1,35,one_year,bank_transfer,Yes,0,114.09,3042.25,3,1,1,0,1,0,0,1,1,5,1,1,0,10.91,8,751,0
CUST0000000586,07-06-2021 12:53,42,Female,44248.55,college,married,0,3,one_year,electronic_check,Yes,0,46.61,146.61,2,1,0,0,0,0,0,0,1,3,0,2,0,0,51,671,0
CUST0000000587,14-01-2022 12:53,60,Male,104188.73,master,divorced,1,28,one_year,mailed_check,Yes,0,123.22,3755.35,4,0,1,1,0,0,0,1,1,6,0,2,1,,15,658,0
CUST0000000588,21-04-2023 12:53,52,Male,205928.27,bachelor,married,1,23,two_year,bank_transfer,Yes,0,59.31,885.95,2,1,0,0,0,0,0,1,0,9,1,1,1,0,138,673,0
CUST0000000589,29-12-2022 12:53,27,Female,100570.07,master,divorced,0,26,one_year,electronic_check,Yes,0,92.24,2225.79,2,1,1,0,1,1,1,0,1,9,0,1,2,51.27,10,774,0
CUST0000000590,15-02-2024 12:53,30,Female,51353.14,bachelor,divorced,3,43,one_year,credit_card,No,0,81.39,2237.16,2,1,1,1,1,1,0,1,0,7,1,1,0,4.52,8,619,0
CUST0000000591,13-06-2022 12:53,45,Male,49998.55,high_school,single,1,16,one_year,bank_transfer,Yes,1,85.57,977.15,1,1,1,0,0,1,1,1,1,3,0,2,0,29.95,51,776,1
CUST0000000592,17-08-2022 12:53,35,Female,72569.37,bachelor,married,0,27,two_year,credit_card,Yes,1,78.58,1986.04,3,1,1,0,0,1,1,1,0,9,1,2,0,57.02,92,677,1
CUST0000000593,15-01-2023 12:53,18,Female,29686.68,college,single,4,8,one_year,bank_transfer,Yes,0,95.01,732.31,4,1,1,1,0,1,0,1,1,,0,2,1,18.78,8,709,0
CUST0000000594,06-02-2023 12:53,33,Female,98493.66,high_school,married,0,15,one_year,credit_card,Yes,0,74.8,764.93,2,1,0,0,0,0,0,0,1,4,0,3,0,0,1,601,0
CUST0000000595,09-04-2023 12:53,40,Male,,bachelor,single,1,52,two_year,electronic_check,No,0,79.97,3013.36,3,1,1,1,1,0,1,0,0,7,0,1,1,8.73,44,678,0
CUST0000000596,10-10-2025 12:53,38,Female,20000,high_school,married,2,28,two_year,electronic_check,Yes,0,71.91,2178.56,3,1,1,1,0,0,1,1,0,3,0,1,2,21.94,5,680,0
CUST0000000597,05-03-2021 12:53,55,Male,31831.3,bachelor,married,0,2,two_year,mailed_check,Yes,1,92.3,194.29,4,1,1,0,0,0,1,1,1,6,0,2,1,126.39,33,673,0
CUST0000000598,30-05-2023 12:53,18,Female,62527.29,bachelor,divorced,1,2,one_year,credit_card,Yes,1,54.61,110.52,1,1,1,1,1,1,0,1,0,6,0,2,2,43.32,13,726,0
CUST0000000599,06-04-2023 12:53,33,Male,91267.5,college,divorced,1,15,two_year,electronic_check,Yes,0,99.77,1441.6,1,1,1,0,1,0,1,0,1,8,0,2,0,33.35,98,750,0
CUST0000000600,16-10-2024 12:53,56,Female,57398.08,master,single,1,47,two_year,mailed_check,Yes,0,85.69,3701.71,6,0,0,0,0,0,0,1,1,5,0,1,0,0,187,665,0
CUST0000000601,02-09-2022 12:53,34,Male,79500.29,high_school,divorced,0,18,one_year,mailed_check,Yes,0,43.83,818.23,1,1,0,0,0,0,0,1,1,9,0,1,0,0,27,670,0
CUST0000000602,15-07-2023 12:53,26,Female,74944.19,high_school,widowed,0,21,two_year,credit_card,Yes,0,78.09,1248.97,1,1,1,0,0,0,1,0,1,8,2,1,0,22.04,72,783,0
CUST0000000603,08-06-2025 12:53,34,Female,,master,married,1,23,one_year,mailed_check,Yes,0,116.15,2907.4,3,1,1,0,1,0,0,0,0,5,0,0,0,20.37,2,730,1
CUST0000000604,25-09-2024 12:53,51,Female,81525.67,high_school,married,0,4,one_year,bank_transfer,Yes,0,82,353.86,5,1,1,0,0,1,1,1,1,2,0,1,1,20.06,58,667,0
CUST0000000605,06-11-2024 12:53,41,Male,46413.48,master,single,3,40,one_year,credit_card,No,1,53.65,1386.9,3,1,1,0,0,1,0,0,1,9,1,1,0,25.98,83,632,0
CUST0000000606,05-02-2025 12:53,34,Male,29294.61,bachelor,married,0,16,month_to_month,mailed_check,Yes,0,87.07,1256.28,1,0,1,1,1,0,0,1,1,2,1,4,0,7.2,69,703,1
CUST0000000607,10-07-2024 12:53,52,Female,22573.87,high_school,single,2,1,two_year,credit_card,Yes,1,61.48,59.5,5,1,0,0,0,0,0,0,0,6,2,6,0,0,49,652,0
CUST0000000608,21-07-2021 12:53,50,Other,59944.38,bachelor,married,1,18,month_to_month,credit_card,Yes,1,98.71,1696.74,4,1,1,1,0,0,1,0,1,8,0,4,1,28.3,2,726,0
CUST0000000609,09-06-2022 12:53,26,Female,51272.87,master,married,1,2,two_year,bank_transfer,Yes,1,90.69,175.48,1,1,1,0,1,0,1,1,1,8,2,5,2,47.12,2,750,0
CUST0000000610,14-07-2022 12:53,46,Male,42282.07,master,married,0,31,two_year,bank_transfer,Yes,1,45.14,1434.16,2,0,0,0,0,0,0,1,0,8,1,0,0,0,55,624,0
CUST0000000611,21-03-2021 12:53,25,Female,89109.6,college,single,1,12,one_year,credit_card,Yes,0,96.39,1098.59,1,1,1,0,1,1,1,1,1,8,1,2,0,67.36,21,624,0
CUST0000000612,20-01-2025 12:53,62,Male,76174.76,high_school,married,2,9,one_year,electronic_check,Yes,0,53.49,481.18,2,1,0,0,0,0,0,0,1,4,0,0,1,0,38,702,1
CUST0000000613,20-12-2025 12:53,63,Female,42079.31,bachelor,divorced,2,3,two_year,credit_card,No,0,116.4,341.66,3,1,1,0,1,0,1,1,1,9,0,1,1,71.39,13,607,0
CUST0000000614,21-02-2021 12:53,40,Female,77667.85,college,married,1,49,two_year,bank_transfer,Yes,0,119.63,5916.92,5,1,1,1,1,1,0,1,0,9,0,0,0,42.11,80,662,0
CUST0000000615,08-08-2024 12:53,60,Male,25332.75,bachelor,married,3,1,one_year,bank_transfer,Yes,1,90.65,87.06,1,1,1,0,1,0,0,1,1,6,0,2,2,41.69,5,560,0
CUST0000000616,25-02-2021 12:53,33,Female,73281.3,college,married,1,23,two_year,credit_card,Yes,0,93.4,1992.84,1,1,1,1,1,1,0,0,1,7,0,2,0,121.4,51,622,0
CUST0000000617,15-12-2022 12:53,42,Male,72688.76,master,single,1,27,two_year,mailed_check,Yes,0,86.31,2495.26,3,1,1,1,1,1,0,1,0,9,2,2,1,47.79,3,,0
CUST0000000618,02-11-2023 12:53,36,Male,114098.87,phd,married,0,72,two_year,electronic_check,Yes,0,67.07,4716.07,1,1,1,0,1,1,1,1,1,7,2,2,1,24.9,115,749,0
CUST0000000619,26-09-2022 12:53,44,Male,91819.04,bachelor,single,0,10,two_year,credit_card,Yes,1,77.83,710.64,5,0,0,0,0,0,0,1,1,2,1,1,0,0,20,550,0
CUST0000000620,14-08-2022 12:53,45,Female,31337.8,master,married,1,25,two_year,bank_transfer,Yes,1,96.18,2576.21,2,1,1,1,1,0,1,0,1,7,,3,0,12.35,9,733,0
CUST0000000621,12-12-2023 12:53,44,Female,38209.11,college,single,0,6,two_year,bank_transfer,No,0,118,527.26,4,1,1,0,1,0,0,0,1,5,1,3,0,23.31,5,541,0
CUST0000000622,04-06-2021 12:53,43,Male,31141.07,bachelor,married,0,8,one_year,credit_card,Yes,1,102.44,891.99,3,1,1,0,1,1,0,1,1,5,2,0,0,24.24,55,783,0
CUST0000000623,27-10-2024 12:53,46,Male,85584.95,college,married,3,39,two_year,mailed_check,Yes,1,80.68,3042.64,3,0,0,0,0,0,1,0,1,6,1,2,1,0,23,756,0
CUST0000000624,25-07-2021 12:53,63,Female,20000,high_school,married,2,18,one_year,electronic_check,Yes,1,33.97,658.15,2,1,0,0,0,0,0,1,0,7,1,1,1,0,18,652,0
CUST0000000625,05-12-2023 12:53,18,Female,85062.1,phd,single,1,1,one_year,bank_transfer,No,0,73.79,67.82,2,1,1,0,1,0,1,1,1,9,1,4,1,34.29,29,713,0
CUST0000000626,02-04-2023 12:53,73,Other,51233.82,high_school,single,0,19,one_year,electronic_check,Yes,1,95.97,1794.08,2,0,1,0,0,0,1,1,1,7,0,2,0,10.77,53,502,1
CUST0000000627,04-05-2022 12:53,39,Male,56346.39,bachelor,divorced,1,20,two_year,bank_transfer,Yes,0,114.7,2500.02,4,0,1,0,0,1,1,0,1,9,0,0,1,19.15,3,545,0
CUST0000000628,14-08-2024 12:53,43,Male,66635.41,bachelor,divorced,1,18,one_year,mailed_check,Yes,0,77.56,1256.79,1,1,1,0,1,0,0,1,1,6,0,1,0,30.8,50,660,0
CUST0000000629,09-03-2023 12:53,64,Female,48330.89,high_school,widowed,2,6,one_year,electronic_check,Yes,0,60.51,359.74,2,1,0,0,0,0,1,1,0,1,1,5,0,0,46,682,0
CUST0000000630,12-11-2023 12:53,54,Male,67667.77,bachelor,married,1,1,one_year,mailed_check,No,0,97.26,105.74,3,1,1,1,0,0,1,1,0,6,1,5,1,32.75,6,734,0
CUST0000000631,10-02-2025 12:53,53,Male,88069.77,bachelor,married,1,9,month_to_month,credit_card,No,0,89.44,752.59,2,1,1,0,1,0,1,0,0,4,1,0,1,,67,649,0
CUST0000000632,24-02-2021 12:53,63,Male,20000,high_school,married,1,18,two_year,electronic_check,Yes,0,60.32,1037.07,1,1,1,0,1,0,1,0,1,6,2,0,0,22.67,83,540,0
CUST0000000633,29-04-2025 12:53,42,Male,158115.76,high_school,single,3,23,one_year,credit_card,Yes,0,175.13,3673.88,6,1,1,1,0,0,0,1,0,8,3,6,0,33.95,26,828,0
CUST0000000634,02-09-2024 12:53,58,Male,63494.77,master,married,0,5,one_year,mailed_check,Yes,0,103.75,341.95,3,1,1,0,0,1,0,1,0,6,0,2,0,4.67,69,,0
CUST0000000635,31-07-2023 12:53,26,Female,84932.26,bachelor,divorced,0,29,one_year,electronic_check,No,1,53.84,1461.76,1,1,0,0,0,0,1,1,1,7,0,1,0,0,14,616,1
CUST0000000636,05-08-2025 12:53,51,Male,137031.43,college,married,0,1,two_year,credit_card,No,1,104.41,102.68,5,0,1,1,0,1,0,0,0,5,3,7,1,16.47,148,466,1
CUST0000000637,05-12-2021 12:53,53,Female,21754.52,college,married,0,10,one_year,electronic_check,Yes,1,72.3,728,1,1,1,1,0,1,1,1,1,1,0,3,0,22.09,28,693,0
CUST0000000638,13-09-2023 12:53,62,Male,37007.34,bachelor,married,0,17,two_year,credit_card,Yes,1,63.33,787.06,2,1,0,0,0,0,0,1,0,7,0,2,0,0,63,496,0
CUST0000000639,30-05-2021 12:53,55,Male,151588.09,bachelor,divorced,1,42,one_year,credit_card,No,0,72.09,3020.89,1,1,1,0,1,1,1,1,0,9,0,1,0,39.99,76,,0
CUST0000000640,22-02-2024 12:53,48,Male,98492.28,master,single,0,34,two_year,credit_card,Yes,0,95.11,3353.54,3,1,1,1,0,0,0,1,0,8,0,1,0,32.78,21,623,0
CUST0000000641,19-05-2021 12:53,40,Female,20000,bachelor,married,0,23,two_year,credit_card,Yes,0,57.74,958.98,3,1,1,1,1,1,1,1,1,5,1,0,0,31.39,23,628,0
CUST0000000642,28-12-2024 12:53,40,Male,23937.64,bachelor,married,0,12,two_year,credit_card,Yes,0,97.19,1272.11,2,1,1,0,1,0,0,0,0,8,,5,0,26.56,23,591,0
CUST0000000643,26-09-2021 12:53,40,Other,56912.38,college,single,1,70,one_year,credit_card,No,0,101.51,6728.04,1,1,1,0,0,0,0,1,0,2,,5,0,28.79,16,685,1
CUST0000000644,31-05-2023 12:53,25,Male,37263.18,bachelor,single,0,3,two_year,bank_transfer,Yes,0,68.1,214.31,2,1,1,0,1,0,0,1,1,2,,1,0,25.64,64,850,0
CUST0000000645,21-02-2024 12:53,71,Male,22618.55,high_school,single,0,66,one_year,credit_card,Yes,0,101.19,5114.48,1,1,1,0,0,0,1,0,1,2,0,1,1,116.83,78,632,1
CUST0000000646,22-01-2022 12:53,59,Female,79030.04,college,single,0,24,two_year,electronic_check,No,0,89.35,1996.63,6,0,0,0,0,0,0,0,0,8,0,3,2,0,11,810,0
CUST0000000647,20-07-2021 12:53,48,Female,102216.08,master,divorced,0,29,two_year,electronic_check,Yes,0,83.24,1687.84,1,1,1,1,0,1,0,1,1,9,1,1,1,50.42,22,704,0
CUST0000000648,30-06-2022 12:53,57,Male,44458.59,bachelor,divorced,0,13,month_to_month,electronic_check,Yes,0,108.1,1360.38,3,0,1,1,0,0,1,0,1,6,0,2,0,72.21,14,755,0
CUST0000000649,25-08-2021 12:53,56,Female,27954.68,high_school,single,0,17,two_year,credit_card,No,0,77.16,1381.27,2,1,1,0,1,0,0,0,0,5,2,2,0,148.7,25,645,0
CUST0000000650,01-02-2022 12:53,30,Female,128738.24,college,divorced,0,23,two_year,bank_transfer,Yes,1,70.77,1702.7,1,1,0,0,0,0,1,0,1,1,0,3,0,0,27,850,0
CUST0000000651,08-10-2022 12:53,54,Male,36899.23,high_school,single,1,11,two_year,mailed_check,Yes,1,76.01,862.24,2,1,1,0,0,1,1,0,0,6,1,1,1,7.84,68,617,0
CUST0000000652,10-02-2023 12:53,64,Female,63909.83,high_school,single,0,26,two_year,credit_card,No,0,69.78,1699.68,1,0,1,0,1,0,1,0,1,7,0,0,1,11.13,11,721,0
CUST0000000653,15-09-2021 12:53,34,Female,20305.16,high_school,single,0,2,two_year,bank_transfer,Yes,1,132.44,284.12,4,1,1,0,1,0,0,1,0,7,0,1,1,24.32,145,525,0
CUST0000000654,02-04-2025 12:53,21,Male,95163.97,bachelor,married,2,18,two_year,mailed_check,Yes,0,82.97,1607.29,1,1,1,0,0,0,0,0,0,9,0,1,0,31.05,77,727,0
CUST0000000655,11-12-2024 12:53,27,Male,58361.54,college,married,2,2,one_year,credit_card,Yes,0,82.67,115.02,3,0,1,1,0,0,1,0,0,4,0,2,0,101.48,262,850,0
CUST0000000656,31-12-2025 12:53,43,Female,28648.8,college,single,1,13,one_year,bank_transfer,Yes,0,93.93,1216.73,3,1,1,1,0,0,0,1,1,6,1,3,1,45.3,29,505,1
CUST0000000657,26-07-2021 12:53,26,Female,90237.96,college,divorced,0,72,one_year,credit_card,Yes,0,87.53,6831.21,5,1,1,0,1,1,1,0,0,9,2,1,0,38.78,31,668,0
CUST0000000658,27-05-2022 12:53,42,Female,120847.97,high_school,single,2,3,one_year,credit_card,Yes,0,43.69,85.66,1,1,0,0,0,0,1,1,1,9,0,0,1,0,9,836,0
CUST0000000659,15-07-2022 12:53,35,Male,,bachelor,married,1,56,one_year,bank_transfer,No,0,128.62,6680.08,5,0,1,0,1,0,1,0,1,5,1,1,2,25.69,9,565,0
CUST0000000660,31-08-2024 12:53,44,Female,66063.14,high_school,single,0,9,one_year,bank_transfer,Yes,0,132.2,1278.17,6,1,1,1,0,0,1,1,1,9,0,1,0,56.83,13,748,1
CUST0000000661,20-12-2023 12:53,37,Female,25829.57,master,married,0,11,two_year,credit_card,Yes,0,80.76,808.21,2,0,1,1,0,1,1,0,0,9,1,1,0,45.75,77,653,0
CUST0000000662,08-12-2025 12:53,44,Male,37425.79,master,divorced,2,10,two_year,bank_transfer,Yes,0,108.22,1064.12,6,1,1,0,1,0,0,1,1,6,1,0,0,,113,691,0
CUST0000000663,16-01-2024 12:53,54,Female,20000,bachelor,married,1,49,two_year,credit_card,No,0,84.06,4306.2,5,1,0,0,0,0,0,1,0,6,2,4,0,0,20,579,0
CUST0000000664,16-09-2023 12:53,30,Male,129022.61,bachelor,divorced,0,7,month_to_month,bank_transfer,Yes,0,102.76,757.4,2,0,1,0,1,1,0,0,1,4,1,1,0,14.25,186,521,0
CUST0000000665,14-10-2025 12:53,49,Female,20000,college,divorced,1,14,one_year,electronic_check,No,0,63.55,804.87,3,1,0,0,0,0,0,1,1,3,0,2,0,0,121,850,0
CUST0000000666,28-11-2023 12:53,32,Male,27231.66,master,married,0,30,two_year,credit_card,No,0,90.51,2632.56,3,1,1,0,1,1,0,1,1,6,0,1,1,15.71,1,638,0
CUST0000000667,17-05-2024 12:53,44,Male,20000,high_school,married,0,1,two_year,credit_card,Yes,0,87.26,81.15,2,0,1,0,0,1,1,1,1,8,2,1,0,55.13,49,618,0
CUST0000000668,18-05-2023 12:53,43,Female,91554.27,college,single,0,14,one_year,credit_card,Yes,0,112.78,1507.44,3,1,1,0,0,0,1,0,0,,1,1,0,65.17,21,764,0
CUST0000000669,31-07-2021 12:53,50,Male,91096.78,phd,married,0,23,two_year,credit_card,Yes,0,77.64,1281.26,3,1,0,0,0,0,0,0,1,9,0,1,0,0,28,773,0
CUST0000000670,27-03-2023 12:53,47,Female,31768.02,high_school,widowed,3,1,two_year,electronic_check,Yes,1,59.39,59.93,2,0,1,1,0,1,1,0,0,,1,2,0,118.44,22,687,0
CUST0000000671,20-11-2024 12:53,63,Female,76419.94,bachelor,married,0,45,two_year,mailed_check,Yes,0,83.78,4031.96,1,1,1,0,1,0,1,0,1,3,1,2,0,86.17,7,645,0
CUST0000000672,19-09-2025 12:53,44,Male,23486.51,college,married,0,8,one_year,credit_card,Yes,0,137.05,1110.64,5,0,1,1,0,0,1,0,1,8,1,2,0,12.52,15,757,0
CUST0000000673,05-05-2024 12:53,35,Male,40253.25,master,married,0,63,one_year,bank_transfer,Yes,0,110.09,6503.51,3,1,1,0,1,0,1,1,1,9,1,2,0,,16,748,0
CUST0000000674,10-09-2022 12:53,58,Female,40050.22,college,divorced,0,10,one_year,credit_card,No,0,63.17,609.34,1,1,1,1,1,1,1,0,0,8,2,2,0,18.24,1,700,0
CUST0000000675,09-10-2023 12:53,49,Female,20000,master,single,1,27,one_year,mailed_check,No,0,93.5,2323.96,1,1,1,0,0,1,1,1,1,4,1,0,0,124.36,174,700,0
CUST0000000676,09-11-2021 12:53,58,Male,94941.07,college,single,0,34,two_year,credit_card,Yes,1,91.84,2318.92,2,0,1,0,1,1,1,0,0,9,1,0,0,74.17,49,,0
CUST0000000677,07-07-2021 12:53,43,Female,59755.83,college,single,1,30,two_year,electronic_check,No,0,61.39,1860.68,1,1,1,1,0,0,0,1,0,7,1,1,0,141.18,4,685,1
CUST0000000678,17-11-2021 12:53,25,Male,20000,college,divorced,1,3,one_year,electronic_check,Yes,0,100.5,196.5,2,1,1,0,0,1,0,0,1,8,1,1,2,31.48,32,820,0
CUST0000000679,09-01-2023 12:53,78,Female,25905.05,phd,single,2,11,two_year,mailed_check,Yes,1,65.82,714.01,1,0,1,0,1,1,1,1,0,6,0,2,1,31.32,8,650,0
CUST0000000680,25-11-2024 12:53,35,Female,37559.57,high_school,divorced,1,61,two_year,credit_card,Yes,0,101.13,6031.09,6,1,1,0,0,0,1,0,1,6,2,2,0,11.78,171,533,0
CUST0000000681,14-03-2022 12:53,27,Male,29070.5,master,married,2,8,two_year,credit_card,Yes,0,91.29,727.97,4,1,1,1,1,1,0,0,0,7,0,0,2,53.09,16,612,0
CUST0000000682,29-01-2022 12:53,55,Other,93203.57,college,married,2,72,one_year,credit_card,Yes,0,89.82,6800.41,2,1,1,0,0,1,1,1,0,8,0,1,0,57.86,7,693,0
CUST0000000683,14-01-2024 12:53,30,Female,60979.71,high_school,married,0,39,two_year,bank_transfer,Yes,0,78.97,3384.26,3,1,1,0,0,0,0,0,1,9,0,0,0,22.48,5,610,0
CUST0000000684,21-06-2022 12:53,39,Male,32774.68,college,married,2,56,one_year,electronic_check,Yes,0,114.51,4610.34,3,1,1,0,0,0,1,1,0,7,0,1,0,57.15,17,671,0
CUST0000000685,28-03-2023 12:53,46,Female,34156.19,bachelor,married,0,15,one_year,electronic_check,Yes,0,89.81,1478.87,1,1,1,0,1,0,1,0,1,3,0,1,1,34.48,31,684,0
CUST0000000686,13-12-2023 12:53,42,Female,135234.81,college,divorced,0,36,two_year,mailed_check,Yes,0,127.1,4552.89,5,0,1,0,1,1,0,1,1,8,0,2,0,29.64,28,774,0
CUST0000000687,07-03-2024 12:53,39,Female,66795.36,bachelor,divorced,2,4,two_year,bank_transfer,Yes,0,62.6,260.88,3,1,0,0,0,0,0,1,1,1,2,3,0,0,105,686,0
CUST0000000688,24-02-2022 12:53,68,Male,154945.16,master,divorced,2,6,two_year,mailed_check,Yes,0,46.12,262.83,2,0,0,0,0,0,0,1,0,8,0,1,1,0,6,615,0
CUST0000000689,12-10-2024 12:53,43,Female,44803.47,master,single,1,54,one_year,electronic_check,Yes,0,57.17,2805.62,3,1,0,0,0,0,0,1,1,9,0,1,2,,2,673,0
CUST0000000690,07-07-2023 12:53,31,Female,39080.43,bachelor,divorced,0,25,one_year,credit_card,No,0,63.06,1712.45,2,1,1,1,1,1,1,1,0,5,0,0,0,36.67,25,774,1
CUST0000000691,04-07-2025 12:53,59,Female,20000,high_school,single,1,33,one_year,bank_transfer,Yes,0,140.09,4822.74,3,1,1,0,1,1,0,1,1,8,0,0,0,27.97,27,800,0
CUST0000000692,04-01-2024 12:53,34,Female,44613.43,master,single,0,72,two_year,electronic_check,Yes,0,69.83,3413.04,4,1,1,0,1,0,0,1,0,4,0,1,0,22.45,73,727,0
CUST0000000693,05-05-2021 12:53,43,Male,198144.2,bachelor,married,0,48,one_year,bank_transfer,Yes,0,81.08,2490.57,3,1,0,0,0,0,0,1,1,6,2,2,1,0,54,646,0
CUST0000000694,16-12-2022 12:53,31,Female,36961.01,high_school,single,2,13,two_year,credit_card,No,0,60.94,845.57,1,1,1,0,0,1,1,1,0,9,0,1,0,12.43,1,850,0
CUST0000000695,23-09-2021 12:53,48,Female,68615.97,master,divorced,1,13,two_year,electronic_check,Yes,0,106.95,1324.54,5,1,1,0,1,0,0,1,0,7,1,1,0,44.43,19,517,0
CUST0000000696,10-05-2023 12:53,45,Female,99514.31,college,married,1,25,two_year,bank_transfer,Yes,0,76.84,1819.93,1,1,1,0,0,1,1,0,0,7,0,1,0,61.39,148,627,0
CUST0000000697,09-04-2023 12:53,44,Female,146121.48,college,single,0,32,one_year,electronic_check,Yes,0,106.28,3068.7,1,1,1,0,1,1,1,1,1,7,0,1,0,36.77,41,581,0
CUST0000000698,08-10-2025 12:53,47,Male,30882.21,college,divorced,0,23,one_year,mailed_check,No,0,106.53,2529.89,3,0,1,1,0,0,1,1,1,5,0,1,1,27.32,1,807,1
CUST0000000699,30-05-2021 12:53,57,Male,20000,college,married,1,5,one_year,electronic_check,Yes,0,95.73,454.18,3,0,1,1,1,0,1,0,1,9,1,3,1,9.55,84,779,0
CUST0000000700,20-03-2024 12:53,55,Male,35322.42,high_school,married,0,11,one_year,mailed_check,No,1,60.6,654.47,1,1,1,0,0,1,0,1,1,7,1,4,0,,1,723,0
CUST0000000701,16-09-2022 12:53,29,Female,20000,master,divorced,1,55,two_year,electronic_check,Yes,0,72.95,3612.44,4,1,0,0,0,0,0,0,1,8,1,2,0,0,48,640,0
CUST0000000702,19-03-2021 12:53,34,Female,40999.38,bachelor,divorced,2,5,two_year,credit_card,No,0,78.11,424.6,3,1,1,0,1,0,0,1,1,3,1,0,0,17.5,96,617,0
CUST0000000703,06-12-2025 12:53,58,Female,45582.73,high_school,single,0,33,two_year,electronic_check,Yes,0,72.76,2201.67,3,1,0,0,0,0,0,1,1,7,1,3,0,0,45,609,0
CUST0000000704,03-02-2021 12:53,33,Female,40656.18,college,single,0,46,two_year,credit_card,Yes,0,79.04,3357.82,1,1,1,0,0,0,1,0,1,5,0,1,0,27.69,26,482,0
CUST0000000705,21-03-2022 12:53,52,Male,67494.65,bachelor,single,0,35,one_year,credit_card,Yes,0,75.26,2677.96,2,1,1,0,1,0,0,0,1,9,1,2,0,104.6,43,834,0
CUST0000000706,29-04-2021 12:53,57,Male,20876.18,bachelor,single,0,4,one_year,credit_card,Yes,0,48.72,192.44,1,1,0,0,0,0,0,1,1,6,0,0,0,0,1,696,0
CUST0000000707,16-10-2021 12:53,20,Male,59922.15,college,married,2,9,two_year,electronic_check,Yes,1,102.61,946.31,3,1,1,0,1,0,0,0,1,8,1,1,0,43.34,1,757,0
CUST0000000708,08-04-2025 12:53,38,Male,57105.62,bachelor,married,0,69,one_year,bank_transfer,No,1,78.86,5568.31,1,1,1,0,1,0,1,1,0,7,0,0,0,13.03,16,736,0
CUST0000000709,09-06-2025 12:53,57,Male,107230.18,bachelor,single,0,9,one_year,credit_card,Yes,0,69.43,406.58,1,1,1,1,0,0,1,1,0,8,0,2,0,19.47,46,666,0
CUST0000000710,29-08-2023 12:53,42,Female,67669.01,college,married,1,57,one_year,bank_transfer,Yes,0,99.01,5457.02,1,1,1,0,1,0,0,1,0,8,2,2,2,40.66,3,676,1
CUST0000000711,23-08-2023 12:53,38,Male,94063.51,high_school,single,2,34,one_year,bank_transfer,Yes,0,34.87,1160.7,2,0,1,0,0,0,0,1,0,8,2,6,0,106.05,3,611,0
CUST0000000712,16-01-2021 12:53,57,Male,,college,divorced,0,71,one_year,mailed_check,No,0,88.43,6042.2,3,1,1,0,0,1,1,1,1,7,2,5,1,13.27,19,672,0
CUST0000000713,25-06-2022 12:53,61,Female,20000,high_school,married,0,12,one_year,credit_card,Yes,0,82.76,921.34,4,1,1,0,0,1,1,1,1,5,,1,0,46.17,22,597,0
CUST0000000714,11-11-2025 12:53,34,Male,57235.15,master,single,0,17,two_year,mailed_check,Yes,0,46.77,865.44,1,1,0,0,0,0,0,0,1,1,1,1,0,0,45,,0
CUST0000000715,26-05-2024 12:53,71,Female,87367.19,bachelor,divorced,0,1,one_year,electronic_check,Yes,0,40.28,39.96,1,0,0,0,0,0,0,1,0,6,2,1,0,,51,617,1
CUST0000000716,14-01-2024 12:53,18,Male,57478,bachelor,married,1,3,one_year,credit_card,Yes,1,75.66,159.96,2,1,1,0,0,0,0,1,1,1,1,2,0,34.29,4,659,1
CUST0000000717,17-04-2022 12:53,22,Female,43688.68,high_school,single,0,20,one_year,credit_card,No,0,52.84,1154.49,2,0,0,0,0,0,0,1,1,9,1,2,0,0,1,592,0
CUST0000000718,11-12-2024 12:53,38,Female,20000,bachelor,divorced,0,1,two_year,bank_transfer,Yes,0,75.22,81.64,1,1,1,1,0,0,1,1,1,6,0,1,0,19.18,25,750,0
CUST0000000719,13-02-2024 12:53,39,Female,32162.19,phd,single,0,1,one_year,credit_card,Yes,0,70.18,75.28,4,1,1,0,1,0,1,1,1,6,1,5,0,67.66,16,674,0
CUST0000000720,06-03-2023 12:53,40,Other,46369.61,bachelor,married,1,5,one_year,bank_transfer,Yes,0,71.86,386.89,3,1,1,0,1,0,0,0,0,9,0,3,1,30.28,88,409,0
CUST0000000721,19-07-2025 12:53,36,Female,28920.96,bachelor,widowed,1,13,one_year,credit_card,No,0,77.86,1083.89,1,1,1,0,0,0,0,1,1,9,1,1,1,30.75,10,681,0
CUST0000000722,21-07-2021 12:53,34,Female,42103.81,college,single,0,3,one_year,bank_transfer,Yes,0,77.59,171.84,5,0,0,0,0,0,1,1,1,8,1,1,0,0,34,607,0
CUST0000000723,12-12-2024 12:53,41,Male,69019.82,master,married,3,18,two_year,electronic_check,Yes,0,94.79,1761.67,3,1,1,0,0,1,0,1,0,8,,1,0,36.51,5,725,1
CUST0000000724,24-10-2024 12:53,36,Female,129271.83,bachelor,divorced,2,1,two_year,electronic_check,Yes,0,67.14,63.3,2,1,1,0,1,0,1,0,0,5,1,1,0,40.12,121,697,0
CUST0000000725,04-08-2022 12:53,55,Female,21172.06,college,married,0,10,two_year,electronic_check,Yes,0,61.43,447.49,1,1,1,0,0,1,1,1,1,7,0,1,0,19.2,41,699,0
CUST0000000726,28-10-2025 12:53,45,Female,65397.91,college,single,1,10,two_year,bank_transfer,Yes,0,39.24,266.44,3,0,0,0,0,0,1,1,1,3,2,3,0,0,55,702,0
CUST0000000727,22-04-2025 12:53,41,Male,26318.5,high_school,single,0,8,one_year,mailed_check,Yes,1,79.05,481.58,3,0,1,0,0,1,1,0,1,2,1,2,0,28.97,35,735,0
CUST0000000728,14-10-2024 12:53,43,Female,35653.09,high_school,married,3,8,two_year,credit_card,No,0,96.72,707.8,3,1,1,0,0,1,1,0,0,3,2,1,0,10.87,2,732,0
CUST0000000729,18-01-2021 12:53,61,Female,20000,high_school,single,0,15,two_year,credit_card,No,0,80.03,1169.96,2,1,1,0,0,1,0,1,0,7,2,2,1,24.19,83,636,0
CUST0000000730,25-01-2024 12:53,37,Male,38110.8,college,married,0,3,one_year,mailed_check,No,0,125.83,356.11,6,1,1,1,0,1,0,1,1,9,1,2,1,36.17,13,832,0
CUST0000000731,08-01-2024 12:53,25,Male,102888.26,phd,married,0,20,one_year,credit_card,Yes,0,113.99,2321.29,4,1,1,0,0,0,0,1,0,9,2,3,0,29.53,5,512,0
CUST0000000732,06-03-2022 12:53,30,Female,99972.54,college,single,1,25,two_year,credit_card,No,0,76.53,1866.11,3,1,0,0,0,0,0,1,1,3,1,2,0,0,115,629,0
CUST0000000733,07-09-2021 12:53,41,Male,20000,high_school,married,1,22,one_year,credit_card,No,0,95.27,1357.59,1,0,1,0,1,1,1,1,0,6,1,0,0,76.5,70,559,0
CUST0000000734,14-09-2023 12:53,52,Male,20000,college,divorced,1,10,two_year,credit_card,Yes,1,68.56,738.09,3,1,1,1,1,0,1,0,1,5,1,2,0,44.73,11,618,0
CUST0000000735,04-11-2021 12:53,58,Female,137243.43,bachelor,widowed,0,13,two_year,electronic_check,No,1,131.82,1879.45,5,1,1,1,1,0,0,0,1,6,0,1,0,124.87,31,819,0
CUST0000000736,23-03-2022 12:53,69,Female,35107.91,bachelor,single,0,67,one_year,credit_card,Yes,0,99.22,6985.5,2,1,1,1,1,0,0,1,0,9,0,2,0,28.54,35,785,0
CUST0000000737,21-08-2025 12:53,56,Female,85766.94,master,married,1,25,month_to_month,bank_transfer,No,1,57.11,1465.19,1,1,1,0,1,0,1,1,0,5,2,5,1,220.94,148,628,0
CUST0000000738,11-08-2023 12:53,31,Female,32655.41,college,divorced,2,11,two_year,credit_card,Yes,0,73.78,611.5,2,0,0,0,0,0,0,1,1,7,1,0,0,0,5,521,0
CUST0000000739,15-01-2023 12:53,41,Female,54334.32,master,divorced,0,11,one_year,mailed_check,Yes,1,70.22,732.82,2,0,1,0,1,1,0,0,0,9,0,0,0,7.23,34,730,0
CUST0000000740,16-12-2022 12:53,18,Male,51097.97,master,married,1,3,two_year,bank_transfer,Yes,0,124.11,285.06,3,0,1,0,1,0,1,0,1,9,3,2,1,25.99,1,692,0
CUST0000000741,12-12-2024 12:53,40,Male,22562.92,high_school,married,1,47,two_year,electronic_check,Yes,0,68.28,2933.12,1,1,1,0,1,1,0,1,0,9,0,0,0,10.9,25,801,0
CUST0000000742,28-02-2023 12:53,35,Male,214200.2,college,married,0,55,two_year,bank_transfer,Yes,0,109.11,5937.6,3,1,1,1,0,0,1,1,1,8,0,0,0,39.37,39,696,0
CUST0000000743,09-06-2023 12:53,18,Female,30514.14,high_school,married,0,18,one_year,electronic_check,Yes,0,98.41,1759.26,1,1,1,0,0,0,0,1,1,7,0,0,1,49.39,16,633,0
CUST0000000744,05-08-2023 12:53,76,Female,50823.23,high_school,married,3,32,two_year,credit_card,Yes,0,89.91,2952.88,3,1,1,0,1,0,1,0,1,6,1,1,1,,41,723,0
CUST0000000745,11-12-2021 12:53,39,Female,44854.15,bachelor,single,0,38,one_year,credit_card,No,0,124.34,4587.61,6,1,1,1,0,0,1,1,1,7,4,6,0,24.65,45,680,0
CUST0000000746,26-11-2021 12:53,18,Female,69679.5,high_school,single,0,58,two_year,electronic_check,No,0,157.91,9738.01,5,1,1,0,1,1,1,0,0,5,0,0,0,58.1,39,850,0
CUST0000000747,06-09-2021 12:53,40,Female,58975.96,bachelor,married,0,16,one_year,credit_card,Yes,0,70.67,799.53,1,1,1,1,0,0,1,0,0,9,1,4,0,20.66,24,837,0
CUST0000000748,25-10-2022 12:53,69,Female,90799.96,college,single,1,66,one_year,electronic_check,Yes,0,60.48,3824.12,3,1,0,0,0,0,0,0,0,7,0,2,1,0,92,641,1
CUST0000000749,01-11-2022 12:53,73,Female,79723.3,college,married,2,41,two_year,credit_card,Yes,0,71.94,2724.78,1,1,1,1,1,0,1,0,0,7,0,4,0,73.06,63,641,0
CUST0000000750,22-06-2024 12:53,45,Female,42814.89,master,single,0,3,one_year,credit_card,Yes,0,94.47,291.11,2,1,1,0,1,0,1,0,0,3,0,1,1,20.04,110,598,0
CUST0000000751,14-02-2023 12:53,46,Female,165465.55,college,divorced,0,17,one_year,credit_card,Yes,0,88.53,1391.68,2,1,1,0,1,0,1,1,0,8,0,1,0,77.66,32,701,0
CUST0000000752,25-09-2025 12:53,63,Male,26050.77,college,single,2,40,two_year,credit_card,Yes,0,47.94,1752.46,1,1,0,0,0,0,0,0,0,1,0,0,1,0,9,850,0
CUST0000000753,01-05-2021 12:53,42,Female,32741.02,master,divorced,0,72,one_year,credit_card,Yes,1,118.57,8000.34,4,1,1,1,1,0,1,1,1,6,,3,0,51,16,816,0
CUST0000000754,11-02-2023 12:53,51,Male,20000,high_school,single,3,9,two_year,mailed_check,Yes,0,96.57,872.56,4,1,1,0,1,0,0,0,0,6,1,3,1,24.36,9,784,0
CUST0000000755,20-09-2022 12:53,57,Female,36345.11,college,single,1,6,two_year,credit_card,Yes,0,83.57,543.17,2,1,1,0,0,0,1,0,1,3,1,0,1,60.35,70,710,0
CUST0000000756,22-06-2023 12:53,28,Male,20000,college,married,1,24,one_year,bank_transfer,Yes,1,82.26,1452.96,1,1,1,1,0,1,1,1,0,6,0,5,0,38.21,103,661,0
CUST0000000757,10-12-2024 12:53,68,Female,27836.89,college,married,1,1,one_year,mailed_check,Yes,0,82.44,81.53,1,1,1,1,1,0,0,1,0,,0,2,0,,6,,0
CUST0000000758,14-08-2022 12:53,31,Female,69256.38,bachelor,married,1,1,two_year,mailed_check,Yes,1,107.61,97.14,3,1,1,1,1,1,1,0,0,5,0,2,1,49.22,2,715,0
CUST0000000759,18-04-2024 12:53,35,Female,60298.28,bachelor,married,0,33,two_year,mailed_check,No,0,92.6,3229.02,1,1,1,0,0,1,1,1,1,5,0,2,3,28.23,11,550,0
CUST0000000760,12-11-2022 12:53,46,Male,64065.69,master,single,0,49,one_year,mailed_check,No,1,71.22,3194.17,2,1,1,1,0,1,1,0,0,4,0,1,0,35.23,51,726,0
CUST0000000761,13-10-2022 12:53,59,Male,48619.41,high_school,widowed,1,44,two_year,electronic_check,No,1,42.43,1705.56,1,1,0,0,0,0,0,1,1,9,0,1,1,0,7,812,0
CUST0000000762,22-08-2022 12:53,55,Male,49752.73,high_school,divorced,0,18,month_to_month,mailed_check,No,0,52.56,1015.74,3,0,0,0,0,0,0,1,0,6,2,3,0,0,103,805,0
CUST0000000763,10-01-2024 12:53,44,Female,53313.9,college,married,0,56,one_year,bank_transfer,Yes,1,76.63,4302.86,2,1,1,0,1,0,0,1,0,8,1,3,0,20.66,20,675,0
CUST0000000764,22-05-2025 12:53,49,Female,20000,bachelor,single,1,72,one_year,electronic_check,Yes,0,85.14,4458.7,1,1,1,0,0,1,0,0,0,2,1,1,0,52.37,9,772,0
CUST0000000765,25-03-2024 12:53,61,Female,48096.09,bachelor,single,0,23,one_year,mailed_check,Yes,0,54.29,1284.97,1,0,1,0,1,1,1,0,1,5,0,3,0,94.24,16,,1
CUST0000000766,23-12-2023 12:53,45,Female,96841.49,bachelor,single,1,26,two_year,bank_transfer,Yes,0,62.24,1589.34,3,0,1,1,0,1,1,1,1,8,1,1,1,9.27,26,771,0
CUST0000000767,03-06-2024 12:53,32,Female,31902.18,phd,single,1,56,one_year,electronic_check,Yes,0,81.6,3283.53,1,1,1,1,1,0,0,0,0,4,0,0,0,74.08,14,710,0
CUST0000000768,16-03-2023 12:53,35,Male,26329.72,college,married,0,35,two_year,credit_card,Yes,1,81.85,2663.7,3,0,1,0,0,0,1,1,0,7,1,3,1,31.62,112,781,0
CUST0000000769,10-01-2023 12:53,58,Female,27252.95,bachelor,married,0,50,one_year,electronic_check,Yes,0,118.39,5922.11,2,0,1,1,1,1,1,0,1,7,1,1,0,12.64,56,708,0
CUST0000000770,03-06-2023 12:53,32,Male,31154.8,bachelor,married,0,21,one_year,credit_card,No,0,110.44,1488.63,3,1,1,0,0,1,0,0,1,2,1,2,1,19.65,20,748,1
CUST0000000771,07-09-2024 12:53,21,Male,20000,master,married,0,9,one_year,bank_transfer,Yes,0,85.37,838.9,3,1,1,1,0,0,0,1,0,2,1,1,0,91.63,51,661,0
CUST0000000772,14-07-2023 12:53,40,Male,46668.1,high_school,married,0,11,two_year,electronic_check,Yes,0,70.6,835.35,2,1,1,0,1,0,0,1,0,7,0,1,0,,42,632,0
CUST0000000773,15-07-2022 12:53,43,Male,,bachelor,married,0,6,two_year,mailed_check,Yes,0,93.67,598.57,3,1,1,1,1,1,1,1,1,8,0,0,0,46.39,20,697,0
CUST0000000774,07-08-2022 12:53,57,Male,31969.08,bachelor,married,0,1,two_year,electronic_check,Yes,0,79.99,72.77,3,1,1,1,0,1,1,0,0,1,1,1,0,110.97,2,643,0
CUST0000000775,22-10-2021 12:53,23,Other,57861.31,master,married,1,1,two_year,electronic_check,Yes,0,83.62,77.19,1,1,1,1,1,1,1,0,0,7,0,2,0,42.41,18,678,0
CUST0000000776,02-10-2022 12:53,50,Female,59668.65,college,divorced,1,42,one_year,mailed_check,Yes,0,80.33,3527.07,1,0,1,1,0,0,1,1,1,8,0,1,0,17.14,18,791,0
CUST0000000777,10-06-2021 12:53,62,Female,49790.71,bachelor,single,0,9,two_year,electronic_check,No,0,83.33,535.9,3,1,1,0,1,0,1,1,0,4,1,4,0,18.12,28,624,0
CUST0000000778,08-10-2022 12:53,32,Male,34555.65,college,single,1,23,one_year,electronic_check,No,0,57.18,1313.27,1,1,1,0,0,0,0,0,1,6,1,2,0,47.75,9,827,0
CUST0000000779,26-07-2025 12:53,46,Male,20052.87,bachelor,single,0,19,one_year,electronic_check,No,1,119.19,2339.21,6,1,1,0,0,0,1,0,1,5,0,1,0,63.61,50,678,0
CUST0000000780,25-02-2022 12:53,18,Female,20000,bachelor,divorced,1,13,one_year,credit_card,Yes,0,98.66,824.39,3,1,1,1,1,0,1,0,1,3,0,1,1,17.77,14,816,1
CUST0000000781,11-06-2023 12:53,58,Male,41670.84,master,single,0,8,one_year,mailed_check,Yes,0,104.46,813.08,6,1,1,0,0,0,0,0,1,7,1,1,0,62.6,41,727,0
CUST0000000782,09-11-2023 12:53,56,Male,41456.08,high_school,single,1,13,two_year,mailed_check,No,0,68.42,869.26,1,1,1,0,0,0,0,1,1,4,0,2,0,27.11,19,707,1
CUST0000000783,18-04-2024 12:53,44,Female,39111.94,master,married,1,15,two_year,bank_transfer,Yes,0,89.53,1006.68,1,1,1,0,0,0,1,1,1,6,0,4,0,70.74,135,693,0
CUST0000000784,12-09-2022 12:53,25,Male,97114.3,master,married,0,48,one_year,mailed_check,No,0,126.35,5610.8,6,1,1,0,1,1,1,1,0,9,2,4,1,49.11,117,676,0
CUST0000000785,24-10-2021 12:53,55,Male,24876.15,high_school,divorced,1,6,two_year,credit_card,Yes,0,87.4,552.12,2,1,1,1,1,1,0,1,1,1,0,0,1,128.27,10,792,1
CUST0000000786,14-12-2025 12:53,41,Male,61753.38,bachelor,married,0,2,one_year,bank_transfer,No,0,84.29,163.37,3,1,1,0,0,0,1,0,0,9,0,0,0,60.91,54,770,0
CUST0000000787,11-10-2022 12:53,18,Male,111796.11,high_school,widowed,1,72,one_year,credit_card,No,0,96.74,7460.67,2,1,1,1,1,1,1,1,0,9,0,1,1,49.57,43,667,0
CUST0000000788,27-01-2022 12:53,56,Male,38259.01,high_school,widowed,0,14,two_year,credit_card,Yes,0,110.44,1592,2,0,1,1,0,1,0,1,1,5,1,1,1,110,34,652,0
CUST0000000789,07-02-2025 12:53,62,Male,66583.22,master,single,1,32,one_year,credit_card,Yes,0,68.52,2208.96,1,0,1,0,0,0,0,1,0,8,0,0,2,95.29,1,637,1
CUST0000000790,15-06-2021 12:53,65,Male,67961.54,college,divorced,1,1,two_year,mailed_check,No,0,56.49,61.68,3,0,1,0,0,1,1,0,1,3,4,5,0,12.4,37,618,0
CUST0000000791,14-11-2021 12:53,25,Male,64410.3,college,single,1,25,two_year,bank_transfer,Yes,0,95.22,2602.78,3,1,1,0,1,1,1,1,0,1,0,2,1,14.99,20,830,0
CUST0000000792,25-03-2022 12:53,18,Male,108514.83,bachelor,divorced,0,1,one_year,bank_transfer,No,0,108.01,79.66,3,0,1,0,0,1,1,0,1,5,1,1,0,210.98,9,617,0
CUST0000000793,17-04-2022 12:53,38,Male,58736.03,bachelor,married,1,11,two_year,electronic_check,Yes,1,78.15,553.13,4,1,1,0,1,0,1,1,0,9,0,2,0,34.69,96,802,0
CUST0000000794,30-08-2024 12:53,52,Male,45479.99,high_school,single,0,16,two_year,bank_transfer,Yes,0,86.16,1395.22,1,0,1,1,1,0,0,0,0,1,0,0,0,19.4,5,689,0
CUST0000000795,06-06-2021 12:53,30,Male,20000,phd,married,0,11,one_year,credit_card,No,0,100.21,1192.66,2,1,1,0,0,0,0,0,0,9,0,0,0,69.08,3,760,0
CUST0000000796,19-08-2024 12:53,21,Male,97701.5,bachelor,married,2,9,two_year,credit_card,No,0,107.48,1011.79,6,1,1,1,0,0,1,0,0,8,0,1,0,27.15,25,681,0
CUST0000000797,02-05-2022 12:53,55,Male,71087.91,phd,single,1,58,one_year,electronic_check,Yes,0,116.41,7203.97,3,0,1,1,1,0,0,1,0,3,2,2,0,100.29,4,531,0
CUST0000000798,09-06-2025 12:53,39,Male,48051.19,master,divorced,0,7,two_year,credit_card,Yes,0,87.74,601.57,1,1,1,0,1,0,1,1,0,9,1,1,1,24.26,69,721,0
CUST0000000799,28-05-2022 12:53,54,Female,42870.66,phd,married,1,5,two_year,credit_card,Yes,0,89.85,482.66,4,1,1,1,1,0,1,1,1,7,0,1,0,17.2,86,507,0
CUST0000000800,13-11-2022 12:53,45,Female,20000,college,married,1,72,one_year,credit_card,Yes,1,84.57,5980.75,3,1,1,1,1,0,0,0,0,3,0,1,0,,34,665,0
CUST0000000801,14-01-2023 12:53,42,Male,30535.34,high_school,widowed,0,12,one_year,credit_card,Yes,1,98.52,1107.23,4,1,1,1,0,0,1,0,0,8,1,0,0,95.78,13,534,0
CUST0000000802,16-07-2022 12:53,44,Female,104040.91,master,married,0,23,one_year,credit_card,Yes,1,121.27,3004.05,3,1,1,1,1,0,1,0,0,3,0,2,1,12.11,32,724,0
CUST0000000803,03-02-2022 12:53,39,Male,38071.88,master,single,1,57,two_year,bank_transfer,Yes,0,100.3,5287.86,1,0,1,0,0,1,0,0,0,7,0,0,2,,12,597,0
CUST0000000804,27-01-2021 12:53,38,Male,23788.12,college,married,0,29,two_year,electronic_check,Yes,1,75.7,2164.26,1,1,1,1,0,1,0,1,0,8,0,3,1,12.18,51,724,0
CUST0000000805,24-10-2024 12:53,28,Male,59087.74,master,married,2,13,one_year,electronic_check,Yes,0,102.17,1418.32,3,0,1,0,0,0,0,1,1,5,0,1,1,92.84,15,635,0
CUST0000000806,20-08-2023 12:53,52,Male,25384.15,college,married,1,50,one_year,credit_card,Yes,0,88.62,4120.9,6,1,0,0,0,0,0,0,1,8,0,1,1,0,11,678,0
CUST0000000807,24-09-2022 12:53,63,Female,88413.56,college,divorced,1,37,one_year,bank_transfer,No,1,64.46,2345.82,2,1,1,0,0,1,1,0,0,1,1,2,0,63.94,24,850,0
CUST0000000808,29-07-2025 12:53,37,Female,87146.63,master,married,1,51,one_year,credit_card,Yes,0,82.19,4403.96,3,1,1,1,1,1,0,1,0,4,2,1,1,216.84,124,649,0
CUST0000000809,13-10-2025 12:53,72,Female,39292.43,master,single,1,36,one_year,electronic_check,Yes,0,72.45,2720.51,4,1,0,0,0,0,1,1,1,8,0,1,1,0,35,666,0
CUST0000000810,29-01-2024 12:53,50,Male,70539.05,bachelor,divorced,0,40,two_year,credit_card,Yes,0,89.55,3840.6,1,1,1,0,1,0,1,0,1,7,1,5,0,11.96,10,618,0
CUST0000000811,10-10-2021 12:53,48,Female,29495.87,college,single,3,66,one_year,bank_transfer,Yes,0,96.47,4224.42,1,1,1,1,0,1,0,1,0,8,1,2,1,27.92,39,694,1
CUST0000000812,04-12-2025 12:53,54,Female,57439.21,high_school,single,1,6,one_year,credit_card,No,0,92.62,543.93,1,1,1,0,0,0,0,0,1,6,0,1,1,40.94,5,784,0
CUST0000000813,19-11-2022 12:53,59,Female,42661.34,high_school,widowed,0,16,one_year,mailed_check,No,1,86.88,1301.77,3,1,1,0,1,0,0,0,1,7,3,7,1,78.17,4,672,1
CUST0000000814,29-12-2021 12:53,38,Female,38012.35,bachelor,divorced,1,14,one_year,credit_card,Yes,1,114.35,1725.41,1,1,1,0,0,1,1,1,1,7,0,0,1,24.57,21,541,0
CUST0000000815,23-07-2025 12:53,53,Female,51597.32,master,single,4,7,two_year,bank_transfer,Yes,0,67.4,469.61,1,1,1,0,1,0,0,1,1,8,0,1,0,27.5,45,,0
CUST0000000816,30-03-2024 12:53,60,Male,30557.87,college,divorced,0,18,one_year,credit_card,Yes,1,84.39,1404.11,4,0,0,0,0,0,0,1,1,8,1,2,2,0,116,629,1
CUST0000000817,20-12-2023 12:53,39,Other,35765.73,master,single,0,13,one_year,credit_card,Yes,0,100.56,1246.1,6,1,1,0,0,1,1,0,0,2,0,1,1,19.28,28,684,0
CUST0000000818,17-08-2022 12:53,45,Female,31017.27,high_school,married,0,35,one_year,bank_transfer,Yes,0,102.89,3448.2,6,1,0,0,0,0,0,1,0,9,0,0,1,0,7,694,0
CUST0000000819,25-06-2021 12:53,33,Female,51355.79,bachelor,divorced,0,8,two_year,credit_card,Yes,0,94.51,754.28,3,1,1,0,0,0,1,0,1,5,1,3,0,15.68,33,729,0
CUST0000000820,26-01-2023 12:53,37,Female,,college,married,0,28,one_year,bank_transfer,No,0,136.66,3446.73,6,1,1,0,1,0,1,1,1,9,0,1,2,17.26,25,562,1
CUST0000000821,03-06-2021 12:53,39,Male,20000,high_school,single,0,29,one_year,bank_transfer,No,0,74.67,2367.24,3,1,1,1,1,0,0,1,1,6,1,0,0,54.08,96,815,0
CUST0000000822,23-09-2024 12:53,31,Male,20000,phd,married,0,1,two_year,mailed_check,Yes,0,49.29,36.15,4,1,0,0,0,0,0,1,1,3,1,2,0,0,68,525,0
CUST0000000823,13-10-2024 12:53,44,Male,35838.64,bachelor,single,0,4,one_year,credit_card,Yes,1,95.38,393.73,1,1,1,1,0,0,1,1,0,8,0,2,0,24.69,13,690,0
CUST0000000824,06-10-2023 12:53,49,Female,44356.37,bachelor,married,0,8,two_year,credit_card,Yes,0,131.6,1062.89,4,0,1,1,0,1,1,1,0,7,0,1,0,79.52,92,756,0
CUST0000000825,01-08-2023 12:53,51,Male,48232.67,master,married,1,31,one_year,mailed_check,Yes,0,112.26,3669.03,3,1,1,1,1,0,1,0,1,8,0,0,1,20.83,33,649,0
CUST0000000826,29-03-2022 12:53,32,Female,114735.76,college,married,0,57,two_year,electronic_check,Yes,0,81.31,4464.37,1,1,1,0,0,0,1,0,1,2,1,4,1,50.61,26,551,0
CUST0000000827,24-03-2023 12:53,35,Female,87737.9,college,married,1,46,one_year,credit_card,No,0,70.67,3198.96,4,1,1,0,1,1,0,1,1,5,2,2,0,96.15,11,669,0
CUST0000000828,21-12-2024 12:53,57,Female,54271.14,phd,single,2,11,two_year,electronic_check,Yes,0,101.09,741.58,4,1,1,1,0,1,1,1,0,4,0,1,0,21.14,71,678,0
CUST0000000829,29-01-2025 12:53,35,Male,85554.32,master,divorced,0,5,two_year,bank_transfer,Yes,0,116.19,626.12,4,1,1,0,0,0,0,1,0,6,,1,1,34.17,25,603,0
CUST0000000830,06-07-2025 12:53,57,Female,56872.98,phd,married,0,46,one_year,bank_transfer,No,0,43.35,1969.31,1,1,1,1,1,1,0,1,0,8,0,1,0,39.96,53,701,0
CUST0000000831,25-08-2024 12:53,34,Female,163211.11,high_school,married,1,23,two_year,credit_card,Yes,0,78.06,1682.4,1,0,1,0,0,1,0,0,1,7,0,2,0,20.28,63,787,0
CUST0000000832,15-09-2022 12:53,50,Male,41541.41,phd,married,0,8,one_year,mailed_check,No,0,103.55,841.73,2,1,1,0,1,1,1,1,1,7,0,0,1,45.62,1,582,0
CUST0000000833,02-11-2021 12:53,56,Female,76787.76,bachelor,widowed,2,2,two_year,bank_transfer,Yes,0,89.49,173.47,3,1,1,1,0,1,0,1,0,7,0,3,1,38,28,558,0
CUST0000000834,21-03-2022 12:53,18,Female,20000,college,married,1,18,two_year,mailed_check,Yes,1,88.8,1096.22,1,1,1,1,1,0,0,0,1,6,0,0,0,25.77,76,801,0
CUST0000000835,09-02-2022 12:53,58,Female,97596.7,master,single,2,33,one_year,mailed_check,Yes,0,105.77,3612.68,3,1,1,0,0,1,0,1,1,7,0,0,0,58.1,20,593,0
CUST0000000836,11-10-2023 12:53,64,Male,66193.99,college,married,1,72,two_year,mailed_check,No,0,111.24,7939.97,3,1,1,0,1,1,1,0,0,2,0,0,0,37.37,28,669,0
CUST0000000837,28-06-2023 12:53,40,Male,50112.58,master,divorced,2,21,one_year,mailed_check,Yes,0,69.97,1535.43,2,0,0,0,0,0,0,1,1,8,0,0,0,0,74,736,0
CUST0000000838,23-06-2023 12:53,50,Male,30904.08,college,single,0,12,one_year,credit_card,Yes,0,79.86,891.55,2,1,1,1,1,0,0,0,1,8,1,3,0,46.77,28,620,0
CUST0000000839,28-11-2022 12:53,32,Female,33882.68,master,married,1,2,one_year,credit_card,No,0,97.47,213.12,1,1,1,0,1,0,0,1,1,9,1,2,1,20.51,11,723,0
CUST0000000840,31-08-2025 12:53,50,Female,151537.84,bachelor,widowed,1,21,two_year,mailed_check,Yes,0,73.57,1431.47,1,1,1,0,1,1,1,1,0,9,0,1,0,20.2,37,784,0
CUST0000000841,15-11-2025 12:53,81,Male,43421.65,college,married,1,8,one_year,bank_transfer,Yes,0,87.32,688.15,1,1,1,0,1,1,1,0,0,7,2,0,1,4.75,154,719,1
CUST0000000842,15-09-2021 12:53,18,Male,152764.89,bachelor,single,0,15,two_year,mailed_check,No,0,66.14,1060.42,1,0,1,0,0,0,0,1,1,6,0,3,0,10.49,187,467,0
CUST0000000843,27-02-2024 12:53,37,Female,24732,bachelor,married,0,20,two_year,electronic_check,No,0,32.73,612.37,1,1,0,0,0,0,1,0,0,8,1,2,0,0,116,605,0
CUST0000000844,11-03-2024 12:53,56,Male,48467.06,college,married,0,51,one_year,credit_card,No,0,76.96,3752.74,1,1,1,0,1,0,0,0,1,8,1,2,0,110.04,5,600,0
CUST0000000845,23-07-2025 12:53,63,Female,43293.16,bachelor,married,0,72,one_year,credit_card,Yes,0,61.13,4568.5,1,1,1,0,0,1,1,1,0,2,0,0,0,9.69,182,589,0
CUST0000000846,20-10-2023 12:53,24,Male,48344.93,bachelor,divorced,1,25,two_year,bank_transfer,Yes,0,75.68,1369.71,2,1,1,0,1,0,1,0,1,5,0,0,1,53.75,12,717,0
CUST0000000847,27-10-2022 12:53,35,Male,82330.48,bachelor,single,1,38,two_year,bank_transfer,No,0,83.79,3246.54,4,1,1,1,0,0,1,1,1,3,1,2,0,17.67,18,629,0
CUST0000000848,24-10-2025 12:53,36,Male,22736.58,high_school,married,0,1,two_year,credit_card,Yes,0,56.43,56.18,4,1,0,0,0,0,0,1,1,9,0,0,0,0,43,751,0
CUST0000000849,10-08-2023 12:53,35,Male,21594.87,master,married,1,9,one_year,credit_card,Yes,0,120.82,760.45,6,1,1,1,1,1,1,1,1,4,1,1,1,70.92,10,627,0
CUST0000000850,24-08-2022 12:53,43,Male,28124.11,high_school,single,1,21,two_year,electronic_check,No,0,83.45,1926.3,1,0,1,0,0,0,1,0,0,4,1,2,1,124.34,91,757,0
CUST0000000851,23-06-2025 12:53,23,Male,76074.17,bachelor,married,0,3,two_year,bank_transfer,No,0,84.78,160.6,5,1,1,0,1,1,0,1,0,7,1,2,0,63.03,27,661,0
CUST0000000852,10-12-2023 12:53,41,Female,242993.61,bachelor,married,1,39,month_to_month,electronic_check,Yes,0,63.2,1603.23,1,1,1,0,1,1,0,0,0,6,2,3,1,198.76,19,760,1
CUST0000000853,08-08-2022 12:53,30,Female,58380.91,bachelor,married,0,20,two_year,mailed_check,Yes,0,75.25,1505.04,2,0,1,1,0,0,1,0,1,7,0,2,0,,19,823,0
CUST0000000854,18-05-2021 12:53,43,Male,39458.42,college,single,1,72,two_year,electronic_check,Yes,0,91.71,6282.66,2,1,1,0,1,0,0,1,0,9,2,4,0,5.96,7,676,0
CUST0000000855,10-08-2022 12:53,34,Male,69913.4,bachelor,single,2,72,one_year,mailed_check,No,0,112.28,7338.9,2,1,1,0,1,1,0,1,1,7,1,4,2,30.68,192,558,1
CUST0000000856,04-06-2021 12:53,42,Female,174097.36,bachelor,married,2,36,one_year,mailed_check,No,0,103.65,2561.52,4,1,1,0,0,1,0,1,0,7,0,0,1,59.09,62,780,0
CUST0000000857,09-10-2021 12:53,29,Female,37884.88,bachelor,single,1,2,one_year,credit_card,Yes,1,109.59,205.63,4,1,1,1,1,1,0,1,1,6,0,0,1,12.57,63,788,0
CUST0000000858,08-01-2022 12:53,59,Male,26437.3,bachelor,married,0,3,two_year,mailed_check,No,0,87.89,249.99,1,1,1,1,1,0,0,1,1,9,1,1,2,24.75,19,740,0
CUST0000000859,16-02-2022 12:53,40,Female,62517.27,college,married,0,1,one_year,bank_transfer,No,0,58.79,42.35,2,1,0,0,0,0,1,1,0,9,0,1,0,0,22,527,0
CUST0000000860,26-11-2025 12:53,45,Female,69560.48,bachelor,married,2,35,two_year,bank_transfer,No,0,136.46,4630.82,5,1,1,0,0,0,1,1,0,3,1,0,0,53.21,181,850,0
CUST0000000861,04-08-2022 12:53,42,Male,66769.17,college,divorced,0,3,one_year,mailed_check,No,0,104.48,211.59,4,1,1,0,0,0,0,1,0,5,0,1,0,39.28,51,629,0
CUST0000000862,24-05-2022 12:53,45,Female,210181.13,bachelor,married,1,10,one_year,credit_card,Yes,1,107.65,1095.92,4,1,1,0,0,0,0,0,0,7,0,2,0,13.69,44,660,0
CUST0000000863,15-10-2021 12:53,45,Male,30383.83,bachelor,single,1,6,two_year,credit_card,Yes,1,91.47,500.23,2,0,1,1,1,1,0,1,1,5,0,0,0,24.95,10,665,0
CUST0000000864,02-11-2022 12:53,57,Male,64751.19,college,married,0,12,one_year,electronic_check,No,0,99.7,1182.81,5,0,1,0,1,0,0,0,0,6,1,4,1,54.32,30,850,0
CUST0000000865,03-02-2022 12:53,40,Male,38234.51,college,married,0,56,two_year,bank_transfer,Yes,1,98.23,5096.3,3,1,1,1,0,1,1,1,0,8,0,1,0,8.88,163,677,0
CUST0000000866,28-10-2021 12:53,34,Male,29298.28,college,divorced,0,50,one_year,bank_transfer,Yes,0,101.6,5361.65,2,1,1,0,0,0,0,0,1,4,0,3,0,31.18,59,,0
CUST0000000867,17-03-2022 12:53,45,Female,46881.49,high_school,married,1,28,one_year,credit_card,Yes,0,76.04,2063.89,3,0,1,0,1,0,0,1,0,9,0,2,0,85.61,20,722,0
CUST0000000868,05-09-2021 12:53,35,Male,64989.12,high_school,married,0,15,two_year,credit_card,Yes,1,68.75,1046.11,1,1,1,1,0,1,0,0,0,7,0,2,1,24.43,15,621,0
CUST0000000869,09-07-2022 12:53,43,Female,53650.81,college,widowed,1,32,two_year,bank_transfer,Yes,0,137,4320.09,6,1,1,1,0,0,1,1,1,4,2,5,0,53.31,16,557,0
CUST0000000870,27-03-2024 12:53,29,Female,57683.66,high_school,single,1,30,two_year,mailed_check,Yes,1,76.8,2118.41,1,1,1,1,0,1,1,1,1,4,0,1,0,25.29,6,645,0
CUST0000000871,28-09-2024 12:53,60,Female,31370.98,bachelor,single,0,52,one_year,mailed_check,Yes,0,77.97,2863.7,1,0,1,1,0,1,0,1,1,1,0,0,0,41.45,49,556,0
CUST0000000872,17-05-2023 12:53,33,Other,65486.45,college,single,1,28,two_year,bank_transfer,Yes,1,41.53,1137.64,1,1,0,0,0,0,0,1,1,7,0,0,1,0,36,822,0
CUST0000000873,13-03-2023 12:53,62,Female,44645.85,college,single,1,2,one_year,credit_card,No,0,116.87,216.41,3,1,1,1,1,1,0,1,0,2,1,2,0,20.88,54,689,1
CUST0000000874,29-04-2022 12:53,44,Female,60178.41,master,single,1,15,two_year,credit_card,No,0,87.45,1383.97,3,1,1,1,1,0,1,1,1,8,1,0,0,29.88,18,691,0
CUST0000000875,07-01-2024 12:53,57,Male,57854.49,bachelor,married,1,72,two_year,bank_transfer,Yes,0,97.5,7394.96,4,1,1,0,1,0,0,1,0,1,2,1,0,124.45,13,725,0
CUST0000000876,20-11-2023 12:53,33,Male,79886.43,bachelor,divorced,1,5,two_year,bank_transfer,No,0,66.23,320.33,3,1,1,0,0,0,1,1,1,7,0,1,0,33.32,26,,0
CUST0000000877,20-05-2023 12:53,18,Male,61353.34,bachelor,married,1,32,two_year,credit_card,Yes,0,80.55,2752.77,4,1,0,0,0,0,0,0,0,9,2,1,0,0,68,685,0
CUST0000000878,19-01-2025 12:53,20,Male,82990.63,bachelor,married,0,8,one_year,electronic_check,Yes,0,81.75,472.31,1,0,1,1,1,0,1,1,0,2,1,1,2,6.23,25,756,0
CUST0000000879,16-05-2023 12:53,82,Female,41011.21,high_school,married,0,3,one_year,mailed_check,Yes,1,112.88,345.56,3,1,1,0,1,0,1,1,0,9,1,5,0,16.4,119,765,0
CUST0000000880,10-02-2022 12:53,36,Female,29805.21,bachelor,married,1,71,two_year,credit_card,Yes,0,70.53,4863.13,3,0,1,0,1,0,1,1,0,5,2,3,0,22.41,19,602,0
CUST0000000881,15-03-2024 12:53,61,Male,52936.54,high_school,single,1,14,two_year,bank_transfer,Yes,0,54.39,720.93,1,1,1,0,0,0,0,0,1,6,1,3,0,17.28,32,749,0
CUST0000000882,04-01-2025 12:53,25,Male,49701.21,college,married,0,1,one_year,mailed_check,No,0,98.04,92.44,4,1,1,0,0,0,1,1,1,4,4,7,1,65.42,159,570,0
CUST0000000883,17-03-2023 12:53,47,Male,27036.97,master,single,1,9,two_year,credit_card,Yes,0,120.65,1069.78,5,1,1,1,1,0,0,0,0,5,1,1,1,24.65,81,631,0
CUST0000000884,23-11-2022 12:53,50,Male,74539.62,high_school,married,0,47,one_year,mailed_check,No,0,106.04,4750.22,4,1,1,1,0,0,1,0,1,5,2,4,1,43.82,126,747,0
CUST0000000885,11-04-2022 12:53,87,Male,20000,phd,divorced,1,5,two_year,electronic_check,Yes,0,101.85,386.96,5,0,1,1,1,0,0,1,1,,1,2,1,20.46,22,,0
CUST0000000886,07-03-2024 12:53,40,Female,56787.95,college,married,0,1,one_year,bank_transfer,Yes,0,85.49,87.57,3,1,1,0,0,0,1,1,1,6,0,2,0,10.41,51,638,0
CUST0000000887,14-10-2025 12:53,34,Other,89027.83,bachelor,married,1,4,two_year,bank_transfer,Yes,1,90.62,342.85,2,0,1,0,1,0,0,1,0,9,0,1,1,64.96,110,682,0
CUST0000000888,15-06-2021 12:53,50,Male,33125.02,college,single,0,24,one_year,bank_transfer,Yes,0,106.3,1860.330588,2,1,1,1,0,0,0,1,0,4,0,1,0,20.36,1,608,0
CUST0000000889,14-02-2024 12:53,31,Male,57918.88,college,married,0,72,two_year,bank_transfer,Yes,0,108.84,8524.68,5,1,1,1,0,0,1,1,1,8,1,1,0,24.43,70,687,0
CUST0000000890,13-05-2022 12:53,51,Female,55507.05,high_school,divorced,1,3,one_year,electronic_check,Yes,0,78.99,253.2,1,1,1,1,0,1,1,0,0,8,1,3,0,31.55,14,654,0
CUST0000000891,28-09-2022 12:53,44,Female,107778.19,high_school,married,0,2,two_year,mailed_check,Yes,0,74.03,156.6,5,0,0,0,0,0,0,0,0,9,0,2,0,0,137,679,0
CUST0000000892,21-07-2024 12:53,33,Female,21173.81,college,single,0,7,two_year,electronic_check,Yes,0,64.46,415.54,3,1,0,0,0,0,0,1,0,7,0,2,0,0,57,534,0
CUST0000000893,11-01-2024 12:53,52,Female,118029.46,bachelor,married,0,3,two_year,electronic_check,Yes,1,43.98,83.38,2,1,0,0,0,0,0,0,0,4,2,6,0,0,67,661,0
CUST0000000894,27-08-2023 12:53,46,Female,20000,high_school,married,0,46,one_year,bank_transfer,No,0,135.82,4236.84,6,1,1,0,0,0,0,0,1,,0,1,0,40.67,4,697,0
CUST0000000895,02-12-2025 12:53,56,Male,20000,bachelor,divorced,2,35,two_year,electronic_check,Yes,1,68.05,1586.98,1,1,1,1,1,0,0,0,1,5,1,1,0,21.04,52,691,0
CUST0000000896,03-01-2024 12:53,69,Male,56240.72,bachelor,single,1,40,one_year,bank_transfer,Yes,0,112.76,4567.46,5,1,1,0,0,0,0,0,1,8,0,0,1,10.96,27,631,0
CUST0000000897,20-04-2021 12:53,37,Female,21148.1,master,married,0,14,one_year,electronic_check,Yes,0,95.56,1447.55,1,1,1,1,0,1,1,1,0,6,1,5,0,4.27,6,726,0
CUST0000000898,28-08-2024 12:53,38,Male,86022.54,bachelor,divorced,0,72,one_year,electronic_check,Yes,0,82.47,5873.73,2,1,1,0,0,0,1,0,1,8,1,2,1,25.8,100,553,0
CUST0000000899,29-05-2023 12:53,24,Male,34881.34,college,single,1,37,two_year,electronic_check,Yes,0,66.38,2630.67,3,1,1,0,1,0,1,1,1,4,0,2,1,151.09,2,769,0
CUST0000000900,31-10-2022 12:53,52,Female,144083.83,bachelor,single,0,71,two_year,mailed_check,Yes,0,109.15,7560.34,3,1,1,1,1,1,0,0,1,5,0,0,0,41.14,20,710,0
CUST0000000901,05-09-2022 12:53,35,Male,22162.87,bachelor,married,0,4,two_year,credit_card,Yes,0,62.83,167.21,2,1,1,1,1,0,1,1,1,1,0,3,1,29.59,2,690,0
CUST0000000902,28-06-2023 12:53,50,Female,38471.14,bachelor,single,0,33,one_year,electronic_check,Yes,0,99.5,2373.11,5,1,1,0,1,1,1,0,1,8,0,1,2,27.16,30,665,0
CUST0000000903,31-03-2021 12:53,62,Male,107201.84,high_school,married,0,47,one_year,electronic_check,Yes,0,69.64,3075.14,4,0,0,0,0,0,0,0,1,9,1,4,0,0,11,725,0
CUST0000000904,08-10-2024 12:53,34,Female,63219.46,bachelor,married,0,7,one_year,bank_transfer,Yes,0,89.65,413.45,3,0,1,0,1,1,0,1,1,7,0,3,0,19.85,148,848,0
CUST0000000905,11-01-2024 12:53,37,Female,31975.04,master,married,0,2,two_year,bank_transfer,Yes,0,102.64,219.07,3,0,1,0,0,0,1,1,0,9,0,1,0,94.8,50,596,0
CUST0000000906,22-12-2023 12:53,60,Male,20127.03,master,married,0,14,one_year,electronic_check,Yes,1,92.88,1277.19,4,1,1,1,0,1,1,0,1,9,0,1,1,,11,,0
CUST0000000907,02-07-2023 12:53,55,Female,28461.47,high_school,married,0,39,two_year,electronic_check,Yes,0,101.41,3699.19,4,1,1,1,0,0,0,1,1,9,0,0,1,26.84,41,734,0
CUST0000000908,18-07-2023 12:53,54,Female,32432.24,high_school,married,0,16,one_year,bank_transfer,Yes,0,107.11,1760.13,4,1,1,1,0,0,0,0,0,7,1,0,0,21.24,32,535,0
CUST0000000909,13-09-2021 12:53,39,Female,24306.81,bachelor,single,0,48,one_year,electronic_check,No,0,77.78,3559.48,3,1,1,0,1,1,1,1,0,6,0,1,1,,90,,0
CUST0000000910,24-09-2021 12:53,23,Female,105807.6,high_school,single,0,56,one_year,credit_card,Yes,0,97.59,5715.18,4,1,1,0,0,0,0,1,0,4,0,2,0,43.03,1,784,0
CUST0000000911,15-07-2022 12:53,34,Female,,master,married,0,18,two_year,credit_card,Yes,0,80.28,1551.46,2,0,1,0,0,0,0,1,0,6,1,2,0,104.41,18,652,0
CUST0000000912,18-12-2024 12:53,29,Female,59570.31,master,single,1,1,two_year,electronic_check,Yes,0,75.97,82.23,4,0,0,0,0,0,0,1,0,3,1,2,0,0,52,609,0
CUST0000000913,08-08-2021 12:53,53,Male,224117.94,master,single,1,34,one_year,mailed_check,Yes,0,81.27,2987.27,1,0,1,0,0,0,0,1,1,1,0,0,1,52.98,1,850,0
CUST0000000914,13-08-2023 12:53,49,Female,39663.21,college,married,1,26,one_year,credit_card,Yes,0,114.84,2720.61,2,0,1,0,1,0,0,0,1,7,0,1,0,,14,809,0
CUST0000000915,01-05-2025 12:53,36,Female,123807.07,master,single,0,4,two_year,bank_transfer,Yes,0,67.18,270.49,2,1,1,0,1,1,0,0,0,5,0,0,0,293.97,8,643,0
CUST0000000916,03-02-2024 12:53,38,Male,48510.49,bachelor,divorced,0,43,one_year,bank_transfer,Yes,0,68.19,2897.86,1,1,0,0,0,0,0,1,0,9,2,2,1,0,23,621,0
CUST0000000917,19-10-2024 12:53,52,Female,44561.53,college,single,2,7,two_year,mailed_check,Yes,0,104.85,794.2,3,1,1,1,0,0,0,1,1,1,3,4,0,23.31,12,693,1
CUST0000000918,02-01-2026 12:53,40,Male,74829.32,bachelor,divorced,2,38,one_year,bank_transfer,Yes,0,79.42,2046.49,3,1,1,0,0,0,1,1,0,9,3,5,0,40.7,27,570,0
CUST0000000919,11-10-2023 12:53,36,Female,121143.04,bachelor,single,1,14,two_year,bank_transfer,Yes,0,111.26,1415.45,3,1,1,0,0,1,0,0,0,9,1,2,0,33.13,20,562,0
CUST0000000920,06-11-2023 12:53,74,Male,,college,single,1,24,two_year,credit_card,No,0,124.39,2711.83,5,1,1,1,0,0,1,1,1,9,2,3,0,,72,674,0
CUST0000000921,26-07-2022 12:53,36,Female,31235.69,master,married,1,1,one_year,bank_transfer,Yes,1,106.09,68.93,4,0,1,1,0,0,1,1,0,8,1,3,1,34.47,17,498,0
CUST0000000922,17-07-2022 12:53,55,Male,33272.33,college,married,1,3,one_year,electronic_check,No,0,86.55,271.34,2,1,1,0,1,0,1,0,0,9,0,0,0,30.72,15,531,0
CUST0000000923,19-08-2023 12:53,50,Female,70613.47,master,married,0,6,two_year,mailed_check,No,1,85.56,509.47,2,1,1,1,0,0,0,1,0,8,1,4,0,66.95,17,475,0
CUST0000000924,20-03-2023 12:53,22,Female,,bachelor,married,0,32,two_year,bank_transfer,Yes,0,108.64,3175.74,3,1,1,0,1,1,0,0,1,7,0,0,2,14.6,100,735,0
CUST0000000925,26-11-2022 12:53,34,Male,69215.32,master,single,0,13,one_year,mailed_check,Yes,1,80.55,688.77,2,1,1,0,0,1,0,1,0,7,1,2,0,77.69,94,838,0
CUST0000000926,02-04-2023 12:53,57,Male,86805.35,bachelor,married,0,18,two_year,electronic_check,Yes,0,47.8,870.09,1,1,0,0,0,0,0,0,1,4,1,1,0,0,27,767,0
CUST0000000927,13-01-2021 12:53,43,Male,,bachelor,divorced,2,9,two_year,electronic_check,Yes,1,106.11,899.63,3,0,1,1,1,0,0,1,1,9,1,2,1,98.61,6,796,0
CUST0000000928,03-01-2025 12:53,23,Male,28272.44,high_school,divorced,1,13,one_year,credit_card,Yes,1,102.78,1234.56,4,1,1,0,1,0,0,1,0,8,0,2,2,15.95,4,588,0
CUST0000000929,19-01-2023 12:53,50,Male,80972.21,high_school,married,1,24,one_year,electronic_check,Yes,0,70.93,1832.53,1,1,1,1,1,1,1,1,1,6,1,3,0,22.78,22,540,0
CUST0000000930,19-08-2025 12:53,36,Male,183879.17,bachelor,single,1,4,one_year,mailed_check,No,1,85.85,350.43,2,1,1,0,0,1,1,0,1,9,0,1,0,15.74,22,667,0
CUST0000000931,02-06-2025 12:53,51,Other,27447.53,bachelor,single,1,13,one_year,bank_transfer,Yes,0,102.5,1242.93,2,1,1,0,0,0,0,0,0,6,0,3,0,,10,683,0
CUST0000000932,29-07-2022 12:53,85,Male,91831.9,college,divorced,0,27,two_year,credit_card,Yes,1,79.84,1987.6,2,0,1,0,1,1,1,1,1,8,0,2,0,9.2,3,745,0
CUST0000000933,19-07-2025 12:53,50,Male,29424.2,master,married,2,45,one_year,bank_transfer,Yes,0,76.09,3634.78,1,1,1,0,1,1,1,1,1,8,1,3,3,55.86,47,609,0
CUST0000000934,04-02-2021 12:53,54,Male,34589.73,bachelor,single,0,12,one_year,bank_transfer,Yes,1,59.05,721.84,1,0,0,0,0,0,0,1,0,2,1,3,0,0,47,551,1
CUST0000000935,12-09-2023 12:53,41,Male,38176.53,college,single,0,32,one_year,bank_transfer,Yes,0,107.15,3462.88,3,0,1,1,0,0,0,1,0,2,0,2,0,40.55,4,568,0
CUST0000000936,16-06-2022 12:53,28,Female,64856.12,high_school,single,0,1,one_year,electronic_check,No,0,89.54,88.25,5,1,0,0,0,0,0,0,1,8,0,0,0,0,112,643,0
CUST0000000937,10-11-2025 12:53,60,Male,86161.11,master,single,2,18,one_year,bank_transfer,Yes,0,72.04,1409.82,5,1,1,0,1,0,1,1,1,8,1,1,1,8.71,49,698,0
CUST0000000938,20-08-2022 12:53,35,Female,53426.91,bachelor,single,0,9,two_year,credit_card,Yes,1,93.74,801.08,2,1,1,1,0,1,1,0,1,5,0,0,1,46.74,41,560,0
CUST0000000939,08-10-2023 12:53,41,Female,20797.24,bachelor,single,0,14,one_year,bank_transfer,Yes,0,104.92,1605.68,1,1,1,0,1,0,0,0,0,7,0,0,0,35.53,14,,0
CUST0000000940,09-11-2023 12:53,71,Male,41583.48,college,divorced,0,4,one_year,bank_transfer,Yes,0,95.1,343,1,1,1,0,0,1,1,1,1,5,0,1,0,65.68,1,693,0
CUST0000000941,23-02-2024 12:53,39,Male,37856.31,high_school,divorced,0,4,two_year,bank_transfer,Yes,0,77.1,297.6,1,1,1,1,1,0,1,0,0,4,1,2,0,18.94,94,709,0
CUST0000000942,19-12-2021 12:53,63,Female,20000,college,married,1,16,two_year,electronic_check,Yes,0,83.06,1337.21,2,1,1,0,1,1,1,1,1,4,1,0,0,8.89,34,611,0
CUST0000000943,23-07-2021 12:53,50,Female,29726.05,bachelor,single,1,24,two_year,bank_transfer,Yes,0,77.8,1923.12,3,0,0,0,0,0,0,0,1,4,,5,0,0,9,744,0
CUST0000000944,29-09-2025 12:53,36,Female,31820.36,college,single,2,46,two_year,credit_card,No,0,70.6,3553.84,2,0,0,0,0,0,0,0,1,7,2,3,1,0,170,726,0
CUST0000000945,16-12-2022 12:53,50,Male,40273,college,married,1,61,one_year,electronic_check,Yes,0,93.78,5215.12,1,1,1,1,1,1,1,0,0,9,0,0,2,16.38,76,742,0
CUST0000000946,19-08-2024 12:53,34,Female,36583.22,phd,married,1,31,two_year,credit_card,Yes,1,77,2242,1,1,1,0,0,0,1,1,1,5,0,1,0,21.64,57,822,0
CUST0000000947,23-12-2024 12:53,58,Male,85692.62,high_school,single,1,9,two_year,credit_card,Yes,0,99.22,641.75,3,1,1,1,0,0,0,0,1,3,1,1,0,98.05,21,656,0
CUST0000000948,03-12-2024 12:53,63,Male,34647.19,college,divorced,0,12,one_year,mailed_check,No,0,110.63,1323.17,3,1,1,0,0,0,0,0,0,8,0,0,0,78.07,50,554,0
CUST0000000949,12-10-2023 12:53,45,Female,42969.45,college,single,1,22,one_year,credit_card,No,1,103.76,2172.35,2,1,1,1,0,0,0,0,0,4,2,2,0,24.91,47,611,0
CUST0000000950,12-08-2024 12:53,65,Male,26200.72,high_school,married,0,32,two_year,credit_card,Yes,0,77.98,2389.25,2,1,1,1,0,0,0,0,0,2,1,3,0,47.38,13,850,0
CUST0000000951,23-09-2024 12:53,47,Female,61895.99,college,single,3,15,two_year,electronic_check,No,0,87.27,839.97,4,1,1,0,0,1,0,1,1,4,0,1,1,114.31,3,769,0
CUST0000000952,03-02-2024 12:53,58,Male,20000,master,divorced,0,26,one_year,electronic_check,Yes,0,110.04,2603.19,1,1,1,0,1,0,0,0,1,6,2,5,0,68.21,117,722,1
CUST0000000953,18-06-2021 12:53,89,Other,81685.17,college,married,0,8,two_year,electronic_check,Yes,0,129.25,1094.88,5,1,1,0,1,0,0,0,1,8,1,0,0,37.97,1,,0
CUST0000000954,03-12-2023 12:53,82,Male,68322.23,master,divorced,0,3,one_year,bank_transfer,Yes,0,87.81,253.06,2,0,1,0,0,0,0,1,1,9,0,3,0,11.21,34,696,0
CUST0000000955,12-01-2022 12:53,42,Female,37728.61,college,single,2,12,two_year,electronic_check,Yes,0,77.33,835.28,3,1,0,0,0,0,0,1,0,4,1,1,2,0,85,784,0
CUST0000000956,02-03-2023 12:53,49,Female,88071.35,high_school,divorced,1,1,one_year,electronic_check,Yes,0,68.61,70.51,1,1,1,0,1,0,0,0,0,6,0,0,0,37.07,57,614,1
CUST0000000957,21-04-2023 12:53,29,Male,77009.79,bachelor,married,0,10,one_year,bank_transfer,No,1,81.34,818.09,2,1,1,0,0,1,0,0,0,4,0,0,1,91.98,16,378,0
CUST0000000958,06-09-2021 12:53,56,Female,27809.6,college,single,1,11,two_year,mailed_check,Yes,1,70.52,719.12,1,0,1,0,1,0,1,0,0,6,0,1,0,63.63,60,619,0
CUST0000000959,06-03-2024 12:53,50,Female,26878.49,high_school,divorced,1,68,one_year,bank_transfer,No,0,91.46,6212.35,2,1,1,0,0,1,1,1,1,8,1,2,1,32.79,85,611,1
CUST0000000960,29-01-2024 12:53,33,Female,65769.78,college,single,2,9,two_year,bank_transfer,Yes,0,67.15,436.88,2,1,1,1,1,0,1,0,1,2,1,1,0,53.81,10,610,1
CUST0000000961,22-12-2021 12:53,62,Female,32843.52,bachelor,divorced,0,46,one_year,credit_card,Yes,0,102.42,4713.15,2,1,1,0,0,1,0,0,1,8,0,1,0,45.13,13,675,0
CUST0000000962,21-10-2025 12:53,41,Female,20000,college,single,0,12,one_year,credit_card,Yes,1,90.89,753.55,1,1,1,0,1,0,1,1,0,5,0,0,0,27.33,82,540,0
CUST0000000963,31-10-2022 12:53,37,Male,45142.6,master,married,0,51,one_year,bank_transfer,Yes,0,37.96,1765.34,4,0,0,0,0,0,0,1,0,7,1,1,1,0,25,637,1
CUST0000000964,30-12-2022 12:53,50,Male,107675.42,master,divorced,0,60,one_year,mailed_check,Yes,0,97.29,6345.03,2,1,1,0,0,0,1,1,1,8,0,3,0,49.74,40,803,0
CUST0000000965,06-01-2023 12:53,38,Male,67032.7,college,married,0,1,two_year,mailed_check,Yes,0,55.27,54.82,2,1,1,0,1,0,1,1,0,6,1,2,0,12.33,106,,0
CUST0000000966,12-10-2024 12:53,44,Male,92175.94,college,divorced,1,20,one_year,bank_transfer,Yes,0,73.56,1617.84,2,1,1,1,0,0,1,0,1,7,1,3,0,32.92,24,821,1
CUST0000000967,11-01-2026 12:53,71,Female,171740.98,bachelor,married,0,51,one_year,bank_transfer,Yes,1,117.97,5415.82,2,1,1,0,1,1,0,0,1,1,1,3,0,169.6,34,685,0
CUST0000000968,22-11-2025 12:53,35,Male,59587.7,college,single,1,38,one_year,credit_card,Yes,0,77.78,2944.57,3,1,1,0,0,1,1,1,1,9,1,0,0,32.87,85,759,0
CUST0000000969,27-02-2024 12:53,55,Male,20000,bachelor,married,1,12,one_year,electronic_check,Yes,0,81.15,990.12,3,1,1,1,0,1,0,1,1,6,0,3,0,49.35,17,771,0
CUST0000000970,26-01-2024 12:53,36,Female,46484.39,bachelor,married,1,23,two_year,bank_transfer,Yes,0,123.1,1923.31,1,1,1,0,1,0,1,1,1,5,0,1,0,79.4,15,651,0
CUST0000000971,11-02-2021 12:53,30,Female,34116.67,bachelor,widowed,1,8,two_year,bank_transfer,No,0,70.73,592.84,3,1,1,0,0,0,1,0,0,4,1,2,1,79.55,16,850,0
CUST0000000972,03-01-2022 12:53,43,Female,67587.77,master,married,1,21,one_year,credit_card,No,0,129.69,2930.61,5,1,1,0,0,0,0,0,1,2,0,1,0,55.77,16,677,1
CUST0000000973,20-10-2024 12:53,85,Male,75268.48,bachelor,single,1,14,one_year,bank_transfer,Yes,0,51.42,764.08,2,0,0,0,0,0,0,0,1,2,0,1,0,,105,693,1
CUST0000000974,15-08-2023 12:53,56,Female,115666.85,high_school,single,1,13,one_year,bank_transfer,Yes,0,77.54,976.83,2,1,1,1,0,0,0,0,1,9,0,0,1,4.88,4,692,0
CUST0000000975,11-09-2024 12:53,51,Female,47573.69,bachelor,divorced,0,43,one_year,mailed_check,Yes,1,55.35,2165.48,2,0,0,0,0,0,0,1,0,7,2,3,0,0,11,662,1
CUST0000000976,14-01-2021 12:53,37,Male,113364.49,college,married,1,35,one_year,bank_transfer,Yes,1,105.63,3886.01,5,0,0,0,0,0,0,1,1,7,1,4,0,0,4,809,0
CUST0000000977,09-12-2025 12:53,39,Other,20000,high_school,married,1,66,two_year,bank_transfer,Yes,0,94.8,6062.31,2,1,1,0,1,1,1,1,0,6,1,3,2,29.46,11,664,1
CUST0000000978,11-04-2022 12:53,22,Male,,high_school,married,0,1,one_year,electronic_check,Yes,0,94.2,98.59,4,1,1,0,0,0,1,1,1,1,0,4,0,37.75,30,583,0
CUST0000000979,09-10-2025 12:53,71,Female,62612.57,phd,married,0,10,two_year,electronic_check,No,0,64.12,689.06,2,1,1,1,1,0,1,0,0,3,2,4,0,51.94,6,610,0
CUST0000000980,12-01-2023 12:53,49,Male,68775.29,master,single,0,20,two_year,mailed_check,No,0,91.27,1949.67,4,1,1,1,1,0,0,1,1,8,2,4,1,30.47,86,784,0
CUST0000000981,20-09-2021 12:53,47,Female,88632.84,master,divorced,0,7,one_year,credit_card,Yes,0,59.51,422.19,3,1,0,0,0,0,0,1,1,8,2,1,0,0,53,621,1
CUST0000000982,11-08-2025 12:53,48,Female,70439.62,high_school,married,0,8,two_year,electronic_check,Yes,1,105.88,805.29,2,1,1,0,0,1,1,0,0,7,0,2,0,51.21,78,688,0
CUST0000000983,07-05-2025 12:53,76,Male,163201.52,high_school,divorced,0,8,one_year,mailed_check,No,0,78.71,465.33,1,1,1,0,1,1,1,0,0,4,1,1,1,27.7,53,,0
CUST0000000984,09-03-2024 12:53,49,Female,46289.55,bachelor,married,1,6,one_year,electronic_check,No,0,95.59,615.74,3,0,1,0,0,0,0,1,1,9,0,0,1,36.45,117,626,0
CUST0000000985,31-10-2024 12:53,42,Male,70410.7,high_school,divorced,0,31,one_year,credit_card,Yes,0,84.71,2666.58,1,1,1,0,1,0,1,1,1,8,0,2,1,43.26,79,623,0
CUST0000000986,16-09-2025 12:53,71,Other,66873.05,college,single,0,5,one_year,credit_card,Yes,1,68.81,363.63,1,1,1,0,1,0,1,0,1,9,0,2,0,6.47,19,660,0
CUST0000000987,03-12-2023 12:53,43,Male,88913.31,bachelor,single,1,3,two_year,credit_card,Yes,0,76.83,246.66,2,1,1,1,1,0,1,1,1,9,2,0,0,83.16,7,839,0
CUST0000000988,23-05-2022 12:53,19,Male,20000,college,widowed,0,5,two_year,electronic_check,No,0,76.61,387.73,5,1,1,0,1,0,0,0,0,6,1,5,0,22.5,6,563,0
CUST0000000989,19-04-2025 12:53,22,Female,66769.16,phd,married,2,44,one_year,credit_card,Yes,0,95.04,4592.44,1,1,1,0,1,1,1,1,0,3,1,2,0,30.77,7,686,0
CUST0000000990,30-01-2023 12:53,42,Female,20854.88,bachelor,single,0,5,two_year,mailed_check,Yes,1,87.65,404.13,2,0,1,0,0,1,1,0,0,9,1,3,3,26.48,101,808,0
CUST0000000991,21-05-2025 12:53,49,Male,,high_school,divorced,1,42,two_year,mailed_check,No,0,107.87,4929.6,6,1,1,0,1,0,1,1,0,8,1,3,1,200.27,11,737,0
CUST0000000992,19-12-2024 12:53,57,Female,57075.14,bachelor,married,1,27,one_year,electronic_check,Yes,1,72.5,2041.42,2,0,1,1,1,0,1,0,0,6,0,0,0,6.27,57,,0
CUST0000000993,28-04-2023 12:53,31,Female,125909.08,master,single,0,45,one_year,electronic_check,Yes,1,89.92,4264.33,2,0,1,1,1,1,0,1,0,5,1,2,0,15.74,197,585,1
CUST0000000994,21-03-2021 12:53,41,Male,43476.39,high_school,widowed,1,72,one_year,bank_transfer,No,1,62.6,3248.09,3,1,1,0,0,0,1,1,1,9,1,3,0,19.63,38,752,0
CUST0000000995,11-12-2023 12:53,32,Male,56699.29,bachelor,married,1,49,two_year,credit_card,Yes,1,101.43,3526.3,2,1,1,1,0,1,0,1,1,4,2,2,0,45.29,168,664,1
CUST0000000996,07-12-2024 12:53,61,Other,84892.93,bachelor,single,1,24,one_year,electronic_check,Yes,1,94.86,1482,2,1,1,0,1,1,1,1,1,9,2,2,0,55.77,44,746,0
CUST0000000997,28-04-2024 12:53,64,Male,99053.93,bachelor,married,0,17,one_year,credit_card,No,0,106.29,1909.97,5,0,1,0,0,1,1,1,0,7,0,2,1,117.1,32,767,1
CUST0000000998,07-12-2023 12:53,74,Male,56080.46,high_school,married,2,30,two_year,credit_card,Yes,0,110.48,2483.45,4,1,1,1,0,0,1,1,0,8,0,2,0,95.31,48,744,0
CUST0000000999,26-05-2022 12:53,50,Female,69379.45,college,single,0,9,one_year,electronic_check,No,0,60.36,597,2,1,1,1,0,0,1,1,0,9,2,4,0,7.85,63,758,0
CUST0000001000,08-07-2023 12:53,72,Male,46322.39,college,single,0,11,one_year,credit_card,Yes,1,73.97,781.65,1,1,1,0,1,1,1,1,0,8,0,6,0,39.17,1,630,0
CUST0001000000,14-02-2023 12:54,31,Male,23617.51,bachelor,single,1,3,one_year,mailed_check,Yes,0,72.41,198.31,2,0,1,0,1,1,0,1,1,7,0,1,1,,85,683,0
CUST0000999999,30-08-2025 12:54,65,Male,38687.93,high_school,single,0,24,one_year,bank_transfer,No,0,60.36,1320.08,2,0,0,0,0,0,0,1,1,5,0,0,0,0,17,843,0
CUST0000999998,13-09-2021 12:54,44,Female,34258.27,college,divorced,1,12,one_year,electronic_check,Yes,0,101.98,1322.83,3,0,1,1,0,1,1,0,1,6,0,0,0,22.43,139,669,0
CUST0000999997,08-09-2024 12:54,22,Female,164236.89,college,married,1,11,one_year,electronic_check,Yes,0,68.48,763.49,2,0,0,0,0,0,0,0,0,5,0,3,0,0,1,653,0
CUST0000999996,03-02-2025 12:54,25,Male,21309.78,college,single,4,5,one_year,credit_card,Yes,0,90.7,423.98,4,1,1,0,1,0,1,1,1,2,1,2,0,7.12,14,688,0
CUST0000999995,13-03-2023 12:54,18,Female,50928.05,master,single,0,8,one_year,electronic_check,Yes,0,81.25,697.93,1,1,1,1,0,1,1,1,1,4,2,2,1,21.57,18,679,0
CUST0000999994,08-09-2023 12:54,68,Male,40542.47,phd,divorced,0,3,one_year,mailed_check,Yes,1,110.62,340.29,2,1,1,0,0,0,1,1,0,2,1,1,0,16.67,3,582,0
CUST0000999993,16-02-2023 12:54,23,Female,20251.73,bachelor,married,0,24,one_year,mailed_check,Yes,0,117.29,2901.11,1,1,1,0,1,1,1,1,1,4,0,3,0,33.24,47,442,0
CUST0000999992,19-08-2025 12:54,55,Female,39082.13,master,single,0,7,one_year,bank_transfer,Yes,0,92.93,622.01,1,0,1,1,0,1,0,0,0,4,2,3,1,41.21,48,618,0
CUST0000999991,24-07-2023 12:54,46,Male,76225.33,high_school,married,1,5,one_year,electronic_check,No,0,88.8,450.05,2,1,1,0,1,1,0,1,1,3,2,2,1,42.84,6,826,1
